Source,Target,Type,Id,Label,timeset,Weight
NED,ROBERT,Undirected,0,,,211
DAENERYS,JORAH,Undirected,1,,,594
JON,SAM,Undirected,2,,,415
LITTLEFINGER,NED,Undirected,3,,,118
NED,VARYS,Undirected,4,,,104
DAENERYS,DROGO,Undirected,5,,,113
ARYA,NED,Undirected,6,,,110
CATELYN,ROBB,Undirected,7,,,232
BRONN,TYRION,Undirected,8,,,389
CERSEI,NED,Undirected,9,,,100
CERSEI,ROBERT,Undirected,10,,,98
LITTLEFINGER,VARYS,Undirected,11,,,98
SHAE,TYRION,Undirected,12,,,324
CATELYN,NED,Undirected,13,,,86
JOFFREY,SANSA,Undirected,14,,,187
NED,PYCELLE,Undirected,15,,,68
DAENERYS,VISERYS,Undirected,16,,,75
SANSA,SEPTA_MORDANE,Undirected,17,,,64
TYRION,TYWIN,Undirected,18,,,306
JEOR,JON,Undirected,19,,,111
ROBB,THEON,Undirected,20,,,89
CERSEI,JOFFREY,Undirected,21,,,217
ARYA,SANSA,Undirected,22,,,280
BRAN,MAESTER_LUWIN,Undirected,23,,,84
JAIME,NED,Undirected,24,,,62
NED,SANSA,Undirected,25,,,96
BRAN,ROBB,Undirected,26,,,59
LORAS,RENLY,Undirected,27,,,73
CERSEI,JAIME,Undirected,28,,,509
DAENERYS,MIRRI_MAZ_DUUR,Undirected,29,,,45
JON,TYRION,Undirected,30,,,268
ARYA,SYRIO_FOREL,Undirected,31,,,48
JORY_CASSEL,NED,Undirected,32,,,44
JORAH,VISERYS,Undirected,33,,,43
JON,PYP,Undirected,34,,,54
CATELYN,TYRION,Undirected,35,,,54
ROS,THEON,Undirected,36,,,40
JOFFREY,NED,Undirected,37,,,56
CERSEI,SANSA,Undirected,38,,,144
GRENN,PYP,Undirected,39,,,44
CATELYN,WALDER,Undirected,40,,,53
DAENERYS,DOREAH,Undirected,41,,,54
JAIME,TYRION,Undirected,42,,,358
JAIME,TYWIN,Undirected,43,,,148
BENJEN,JON,Undirected,44,,,40
DAENERYS,IRRI,Undirected,45,,,47
GREATJON_UMBER,ROBB,Undirected,46,,,31
MORD,TYRION,Undirected,47,,,31
CATELYN,LYSA,Undirected,48,,,41
DOREAH,VISERYS,Undirected,49,,,30
JORAH,RAKHARO,Undirected,50,,,30
LYSA,ROBIN,Undirected,51,,,47
LYSA,TYRION,Undirected,52,,,37
NED,RENLY,Undirected,53,,,30
PYP,SAM,Undirected,54,,,69
RENLY,ROBERT,Undirected,55,,,35
BRAN,NED,Undirected,56,,,61
BRAN,OSHA,Undirected,57,,,153
JON,NED,Undirected,58,,,79
BRAN,CATELYN,Undirected,59,,,44
CATELYN,JAIME,Undirected,60,,,70
CATELYN,RODRIK,Undirected,61,,,28
DAENERYS,QOTHO,Undirected,62,,,28
JOFFREY,ROBERT,Undirected,63,,,37
JON,MAESTER_AEMON,Undirected,64,,,55
DROGO,VISERYS,Undirected,65,,,27
JAIME,JORY_CASSEL,Undirected,66,,,27
BRAN,THEON,Undirected,67,,,107
CATELYN,LITTLEFINGER,Undirected,68,,,64
CATELYN,MAESTER_LUWIN,Undirected,69,,,26
BARRISTAN,NED,Undirected,70,,,25
ILLYRIO,VISERYS,Undirected,71,,,25
JON,ROBB,Undirected,72,,,35
OSHA,THEON,Undirected,73,,,61
ARYA,JOFFREY,Undirected,74,,,47
GRENN,JON,Undirected,75,,,82
NED,ROBB,Undirected,76,,,45
BARRISTAN,ROBERT,Undirected,77,,,27
CATELYN,CERSEI,Undirected,78,,,26
LITTLEFINGER,SANSA,Undirected,79,,,416
SHAGGA,TYRION,Undirected,80,,,22
TYRION,YOREN,Undirected,81,,,22
ALLISER_THORNE,JON,Undirected,82,,,133
ARYA,JON,Undirected,83,,,99
DROGO,JORAH,Undirected,84,,,22
JAIME,ROBERT,Undirected,85,,,23
BRAN,JON,Undirected,86,,,82
DAENERYS,WINE_MERCHANT,Undirected,87,,,19
HOUND,SANSA,Undirected,88,,,73
LITTLEFINGER,PYCELLE,Undirected,89,,,27
LITTLEFINGER,ROS,Undirected,90,,,35
THEON,TYRION,Undirected,91,,,49
ALLISER_THORNE,SAM,Undirected,92,,,41
ARYA,YOREN,Undirected,93,,,38
CERSEI,TYRION,Undirected,94,,,442
BENJEN,TYRION,Undirected,95,,,17
DAENERYS,RAKHARO,Undirected,96,,,29
JEOR,SAM,Undirected,97,,,43
LITTLEFINGER,RENLY,Undirected,98,,,39
MAESTER_LUWIN,ROBB,Undirected,99,,,17
ROBERT,SANSA,Undirected,100,,,19
ROS,TYRION,Undirected,101,,,20
CATELYN,THEON,Undirected,102,,,16
GRENN,SAM,Undirected,103,,,75
HOUND,JOFFREY,Undirected,104,,,73
ROBB,TYRION,Undirected,105,,,21
BRAN,TYRION,Undirected,106,,,72
CATELYN,ROBERT,Undirected,107,,,15
JEOR,TYRION,Undirected,108,,,19
JOFFREY,TYRION,Undirected,109,,,200
JOFFREY,VARYS,Undirected,110,,,28
LANCEL,ROBERT,Undirected,111,,,15
MIRRI_MAZ_DUUR,QOTHO,Undirected,112,,,15
NED,YOREN,Undirected,113,,,15
PYCELLE,VARYS,Undirected,114,,,37
BENJEN,NED,Undirected,115,,,24
BRAN,RICKON,Undirected,116,,,82
CATELYN,JON,Undirected,117,,,16
CATELYN,SANSA,Undirected,118,,,39
JOFFREY,MARILLION,Undirected,119,,,14
KEVAN,TYRION,Undirected,120,,,14
LITTLEFINGER,ROBERT,Undirected,121,,,14
BARRISTAN,CERSEI,Undirected,122,,,15
CATELYN,VARDIS_EGEN,Undirected,123,,,13
CERSEI,VARYS,Undirected,124,,,56
DAENERYS,RHAEGO,Undirected,125,,,17
JANOS,NED,Undirected,126,,,13
JOFFREY,PYCELLE,Undirected,127,,,26
MAESTER_LUWIN,THEON,Undirected,128,,,61
NED,THEON,Undirected,129,,,20
PYCELLE,SANSA,Undirected,130,,,18
GENDRY,NED,Undirected,131,,,14
HOT_PIE,LOMMY_GREENHANDS,Undirected,132,,,12
JOFFREY,LITTLEFINGER,Undirected,133,,,26
JOFFREY,MERYN_TRANT,Undirected,134,,,31
JOFFREY,ROBB,Undirected,135,,,31
JON_ARRYN,NED,Undirected,136,,,15
KEVAN,TYWIN,Undirected,137,,,23
MAESTER_LUWIN,OSHA,Undirected,138,,,26
ARYA,SEPTA_MORDANE,Undirected,139,,,11
BRAN,HODOR,Undirected,140,,,160
BRONN,SHAE,Undirected,141,,,18
CATELYN,GREATJON_UMBER,Undirected,142,,,11
CATELYN,VARYS,Undirected,143,,,11
GREATJON_UMBER,THEON,Undirected,144,,,11
IRRI,RAKHARO,Undirected,145,,,11
MERYN_TRANT,SYRIO_FOREL,Undirected,146,,,13
NED,TYRION,Undirected,147,,,30
NED,TYWIN,Undirected,148,,,13
PYCELLE,ROBERT,Undirected,149,,,14
RENLY,STANNIS,Undirected,150,,,54
ROBB,RODRIK,Undirected,151,,,16
ROBERT,VARYS,Undirected,152,,,16
ALLISER_THORNE,PYP,Undirected,153,,,18
ARYA,ROBERT,Undirected,154,,,15
CATELYN,ROBIN,Undirected,155,,,10
DAENERYS,ILLYRIO,Undirected,156,,,10
DROGO,MAGO,Undirected,157,,,10
HOUND,NED,Undirected,158,,,14
HOUND,TYRION,Undirected,159,,,50
JAIME,JON,Undirected,160,,,29
JAIME,ROBB,Undirected,161,,,46
JEOR,PYP,Undirected,162,,,10
JOFFREY,MYCAH,Undirected,163,,,10
JORAH,WINE_MERCHANT,Undirected,164,,,10
MERYN_TRANT,SANSA,Undirected,165,,,20
NED,RODRIK,Undirected,166,,,14
NED,STANNIS,Undirected,167,,,21
NED,TOBHO_MOTT,Undirected,168,,,10
PYP,RAST,Undirected,169,,,10
ALLISER_THORNE,JEOR,Undirected,170,,,9
ARYA,CERSEI,Undirected,171,,,34
BRAN,JAIME,Undirected,172,,,33
BRAN,OLD_NAN,Undirected,173,,,11
CERSEI,PYCELLE,Undirected,174,,,95
DROGO,MIRRI_MAZ_DUUR,Undirected,175,,,9
ILLYRIO,VARYS,Undirected,176,,,9
IRRI,JORAH,Undirected,177,,,11
JEOR,MAESTER_AEMON,Undirected,178,,,9
MHAEGEN,NED,Undirected,179,,,9
NED,SEPTA_MORDANE,Undirected,180,,,9
PYCELLE,ROS,Undirected,181,,,9
RENLY,VARYS,Undirected,182,,,9
ROBB,SANSA,Undirected,183,,,28
ROBIN,TYRION,Undirected,184,,,16
RODRIK,TYRION,Undirected,185,,,9
VARDIS_EGEN,TYRION,Undirected,186,,,9
AERYS,NED,Undirected,187,,,12
BAELOR,NED,Undirected,188,,,8
CERSEI,LITTLEFINGER,Undirected,189,,,103
CERSEI,ROBB,Undirected,190,,,14
DAENERYS,MAGO,Undirected,191,,,8
DAREON,PYP,Undirected,192,,,8
HOUND,MERYN_TRANT,Undirected,193,,,17
JORAH,MIRRI_MAZ_DUUR,Undirected,194,,,8
OSHA,ROBB,Undirected,195,,,10
PYCELLE,RENLY,Undirected,196,,,8
ROBERT,TYWIN,Undirected,197,,,15
RODRIK,THEON,Undirected,198,,,31
SANSA,VARYS,Undirected,199,,,39
AERYS,ROBERT,Undirected,200,,,16
ALLISER_THORNE,GRENN,Undirected,201,,,20
ARYA,CATELYN,Undirected,202,,,22
ARYA,GENDRY,Undirected,203,,,200
ARYA,HOUND,Undirected,204,,,314
ARYA,JORY_CASSEL,Undirected,205,,,7
ARYA,STABLE_BOY,Undirected,206,,,7
ARYA,VARYS,Undirected,207,,,14
BRAN,ROBERT,Undirected,208,,,7
BRONN,CATELYN,Undirected,209,,,7
GREATJON_UMBER,RODRIK,Undirected,210,,,7
HUGH_OF_THE_VALE,JORY_CASSEL,Undirected,211,,,7
JON,RAST,Undirected,212,,,7
JON,THEON,Undirected,213,,,48
JON_ARRYN,ROBERT,Undirected,214,,,9
JORY_CASSEL,LITTLEFINGER,Undirected,215,,,7
LYSA,VARDIS_EGEN,Undirected,216,,,7
MAESTER_AEMON,TYRION,Undirected,217,,,7
MAESTER_LUWIN,TYRION,Undirected,218,,,7
ROBERT,TYRION,Undirected,219,,,10
ROBERT,VISERYS,Undirected,220,,,7
ARYA,ROBB,Undirected,221,,,18
BARRISTAN,VARYS,Undirected,222,,,8
BRONN,RODRIK,Undirected,223,,,6
DROGO,ILLYRIO,Undirected,224,,,6
DROGO,QOTHO,Undirected,225,,,6
DROGO,RHAEGO,Undirected,226,,,9
GRENN,RAST,Undirected,227,,,23
GRENN,TYRION,Undirected,228,,,6
HOUND,ROBERT,Undirected,229,,,6
HUGH_OF_THE_VALE,NED,Undirected,230,,,6
JAIME,JOFFREY,Undirected,231,,,47
JEOR,OTHELL_YARWYCK,Undirected,232,,,6
JEOR,OTHOR,Undirected,233,,,6
LITTLEFINGER,MOUNTAIN,Undirected,234,,,6
LITTLEFINGER,TYRION,Undirected,235,,,70
MAESTER_AEMON,PYP,Undirected,236,,,8
MAESTER_AEMON,SAM,Undirected,237,,,61
NED,SYRIO_FOREL,Undirected,238,,,6
NED,TOMARD,Undirected,239,,,6
OTHELL_YARWYCK,SAM,Undirected,240,,,6
PYP,TYRION,Undirected,241,,,6
RAST,SAM,Undirected,242,,,19
SHAGGA,TYWIN,Undirected,243,,,6
ARYA,BAELOR,Undirected,244,,,5
ARYA,BRAN,Undirected,245,,,50
ARYA,HOT_PIE,Undirected,246,,,99
ARYA,LITTLEFINGER,Undirected,247,,,37
ARYA,MERYN_TRANT,Undirected,248,,,25
ARYA,MYCAH,Undirected,249,,,7
BARRISTAN,JOFFREY,Undirected,250,,,7
BENJEN,ROBB,Undirected,251,,,5
BENJEN,YOREN,Undirected,252,,,5
BRAN,RODRIK,Undirected,253,,,25
BRONN,LYSA,Undirected,254,,,5
BRONN,SHAGGA,Undirected,255,,,5
BRONN,TYWIN,Undirected,256,,,12
CATELYN,MORD,Undirected,257,,,5
DAENERYS,ROBERT,Undirected,258,,,13
DOREAH,IRRI,Undirected,259,,,9
DROGO,RAKHARO,Undirected,260,,,5
GARED,ROYCE,Undirected,261,,,5
GENDRY,TOBHO_MOTT,Undirected,262,,,5
HOUND,LITTLEFINGER,Undirected,263,,,5
HOUND,MOUNTAIN,Undirected,264,,,39
JAIME,KEVAN,Undirected,265,,,17
JAIME,LITTLEFINGER,Undirected,266,,,9
JANOS,VARYS,Undirected,267,,,8
JOFFREY,SEPTA_MORDANE,Undirected,268,,,5
JON,OTHELL_YARWYCK,Undirected,269,,,14
JON,OTHOR,Undirected,270,,,5
JON_ARRYN,LITTLEFINGER,Undirected,271,,,9
JON_ARRYN,LYSA,Undirected,272,,,13
JONOS_BRACKEN,ROBB,Undirected,273,,,5
JORAH,QOTHO,Undirected,274,,,5
LYSA,MORD,Undirected,275,,,5
MAESTER_LUWIN,NED,Undirected,276,,,5
MARILLION,RODRIK,Undirected,277,,,5
MARILLION,TYRION,Undirected,278,,,5
MASHA_HEDDLE,TYRION,Undirected,279,,,5
MOUNTAIN,NED,Undirected,280,,,5
RENLY,SANSA,Undirected,281,,,7
ROBB,ROBERT,Undirected,282,,,7
ROBB,TYWIN,Undirected,283,,,22
ROBB,WALDER,Undirected,284,,,35
ROBERT,STANNIS,Undirected,285,,,18
AERYS,RICKARD_STARK,Undirected,286,,,4
ALLISER_THORNE,RAST,Undirected,287,,,4
ARYA,ILYN_PAYNE,Undirected,288,,,6
BAELOR,YOREN,Undirected,289,,,4
BARRISTAN,JAIME,Undirected,290,,,4
BARRISTAN,LITTLEFINGER,Undirected,291,,,4
BARRISTAN,PYCELLE,Undirected,292,,,4
BRAN,CERSEI,Undirected,293,,,4
BRONN,VARDIS_EGEN,Undirected,294,,,4
CATELYN,JON_ARRYN,Undirected,295,,,6
CATELYN,MARILLION,Undirected,296,,,4
CATELYN,TYWIN,Undirected,297,,,6
CERSEI,HOUND,Undirected,298,,,22
DAENERYS,VARYS,Undirected,299,,,132
DAREON,JON,Undirected,300,,,4
DAREON,SAM,Undirected,301,,,6
GARED,WILL,Undirected,302,,,4
GRENN,JEOR,Undirected,303,,,11
HOUND,LORAS,Undirected,304,,,4
HUGH_OF_THE_VALE,LITTLEFINGER,Undirected,305,,,4
ILYN_PAYNE,JOFFREY,Undirected,306,,,6
ILYN_PAYNE,NED,Undirected,307,,,6
ILYN_PAYNE,SANSA,Undirected,308,,,8
ILYN_PAYNE,YOREN,Undirected,309,,,4
JAIME,ROS,Undirected,310,,,4
JAIME,THEON,Undirected,311,,,8
JORY_CASSEL,ROBERT,Undirected,312,,,4
LANCEL,NED,Undirected,313,,,4
LITTLEFINGER,SEPTA_MORDANE,Undirected,314,,,4
LITTLEFINGER,TYWIN,Undirected,315,,,38
LORAS,MOUNTAIN,Undirected,316,,,4
LORAS,NED,Undirected,317,,,4
LORAS,SANSA,Undirected,318,,,37
LYANNA,NED,Undirected,319,,,41
MIRRI_MAZ_DUUR,RAKHARO,Undirected,320,,,4
MOUNTAIN,ROBERT,Undirected,321,,,4
MOUNTAIN,SANSA,Undirected,322,,,4
MYCAH,SANSA,Undirected,323,,,4
NED,RICKARD_STARK,Undirected,324,,,9
OLD_NAN,ROBB,Undirected,325,,,4
ROYCE,WILL,Undirected,326,,,4
RYGER_RIVERS,WALDER,Undirected,327,,,4
SANSA,YOREN,Undirected,328,,,4
SHAE,TYWIN,Undirected,329,,,29
STEVRON_FREY,WALDER,Undirected,330,,,4
WAYMAR_ROYCE,WILL,Undirected,331,,,4
ADDAM_MARBRAND,KEVAN,Undirected,332,,,3
ADDAM_MARBRAND,LEO_LEFFORD,Undirected,333,,,3
AERYS,JAIME,Undirected,334,,,13
AERYS,RHAEGAR,Undirected,335,,,3
ALLISER_THORNE,OTHELL_YARWYCK,Undirected,336,,,12
ARYA,JAIME,Undirected,337,,,8
ARYA,PYCELLE,Undirected,338,,,3
ASSASSIN,CATELYN,Undirected,339,,,3
BAELOR,ILYN_PAYNE,Undirected,340,,,3
BALON,THEON,Undirected,341,,,84
BARRISTAN,LANCEL,Undirected,342,,,3
BARRISTAN,RENLY,Undirected,343,,,3
BERIC,NED,Undirected,344,,,8
BRAN,WILL,Undirected,345,,,3
BRANDON_STARK,NED,Undirected,346,,,3
BRONN,MORD,Undirected,347,,,3
BRONN,ROBIN,Undirected,348,,,3
CATELYN,HOSTER,Undirected,349,,,13
CATELYN,JOFFREY,Undirected,350,,,8
CATELYN,MASHA_HEDDLE,Undirected,351,,,3
CATELYN,YOREN,Undirected,352,,,3
CERSEI,ILYN_PAYNE,Undirected,353,,,8
CERSEI,JON,Undirected,354,,,30
CERSEI,JON_ARRYN,Undirected,355,,,3
CERSEI,LANCEL,Undirected,356,,,60
CERSEI,RENLY,Undirected,357,,,3
CERSEI,TYWIN,Undirected,358,,,214
COHOLLO,DROGO,Undirected,359,,,3
DAENERYS,NED,Undirected,360,,,6
DOREAH,DROGO,Undirected,361,,,3
DOREAH,WINE_MERCHANT,Undirected,362,,,3
GENDRY,HOT_PIE,Undirected,363,,,40
GREATJON_UMBER,JAIME,Undirected,364,,,3
GREATJON_UMBER,TYWIN,Undirected,365,,,3
HODOR,ROBB,Undirected,366,,,3
HODOR,THEON,Undirected,367,,,8
HODOR,TYRION,Undirected,368,,,3
HOSTER,WALDER,Undirected,369,,,6
HOUND,ILYN_PAYNE,Undirected,370,,,5
IRRI,JHIQUI,Undirected,371,,,3
IRRI,VISERYS,Undirected,372,,,3
JANOS,RENLY,Undirected,373,,,3
JEOR,NED,Undirected,374,,,3
JEOR,ROBERT,Undirected,375,,,3
JOFFREY,RENLY,Undirected,376,,,13
JOFFREY,TYWIN,Undirected,377,,,98
JOFFREY,YOREN,Undirected,378,,,3
JON,ROBERT,Undirected,379,,,6
JON,WILL,Undirected,380,,,3
JON_ARRYN,PYCELLE,Undirected,381,,,5
JON_ARRYN,ROBIN,Undirected,382,,,5
JORAH,RHAEGO,Undirected,383,,,3
LITTLEFINGER,STANNIS,Undirected,384,,,16
LORAS,ROBERT,Undirected,385,,,3
LYANNA,ROBERT,Undirected,386,,,5
MERYN_TRANT,NED,Undirected,387,,,3
MORD,ROBIN,Undirected,388,,,3
MORD,VARDIS_EGEN,Undirected,389,,,3
MYCAH,NED,Undirected,390,,,3
MYRCELLA,TYRION,Undirected,391,,,16
NED,PYP,Undirected,392,,,3
NED,WILL,Undirected,393,,,3
OSHA,RICKON,Undirected,394,,,34
QOTHO,RAKHARO,Undirected,395,,,3
RAKHARO,VISERYS,Undirected,396,,,3
RAKHARO,WINE_MERCHANT,Undirected,397,,,3
RAST,TYRION,Undirected,398,,,3
RENLY,ROBB,Undirected,399,,,11
RICKON,ROBB,Undirected,400,,,5
ROBIN,VARDIS_EGEN,Undirected,401,,,3
THEON,WALDER,Undirected,402,,,3
VARYS,YOREN,Undirected,403,,,3
ADDAM_MARBRAND,TYWIN,Undirected,404,,,2
AEGON,AERYS,Undirected,405,,,2
AEGON,MAESTER_AEMON,Undirected,406,,,5
AERYS,BARRISTAN,Undirected,407,,,7
AERYS,CATELYN,Undirected,408,,,2
AERYS,JORAH,Undirected,409,,,2
AERYS,MAESTER_AEMON,Undirected,410,,,2
AERYS,RENLY,Undirected,411,,,2
AERYS,SANSA,Undirected,412,,,4
AERYS,SEPTA_MORDANE,Undirected,413,,,2
ALLISER_THORNE,MAESTER_AEMON,Undirected,414,,,17
ARYA,ILLYRIO,Undirected,415,,,2
ARYA,LOMMY_GREENHANDS,Undirected,416,,,2
ARYA,TYRION,Undirected,417,,,18
ASSASSIN,BRAN,Undirected,418,,,2
ASSASSIN,ROBB,Undirected,419,,,2
BAELOR,CERSEI,Undirected,420,,,2
BAELOR,HOUND,Undirected,421,,,2
BAELOR,JOFFREY,Undirected,422,,,4
BAELOR,PYCELLE,Undirected,423,,,2
BAELOR,SANSA,Undirected,424,,,2
BALON,TYRION,Undirected,425,,,2
BENJEN,CATELYN,Undirected,426,,,2
BENJEN,CERSEI,Undirected,427,,,2
BENJEN,JEOR,Undirected,428,,,2
BENJEN,ROBERT,Undirected,429,,,2
BERIC,ROBERT,Undirected,430,,,2
BORCAS,DAREON,Undirected,431,,,2
BORCAS,PYP,Undirected,432,,,2
BOWEN_MARSH,DAREON,Undirected,433,,,2
BOWEN_MARSH,PYP,Undirected,434,,,2
BRAN,BRANDON_STARK,Undirected,435,,,2
BRAN,HOUND,Undirected,436,,,2
BRANDON_STARK,CATELYN,Undirected,437,,,5
BRANDON_STARK,JON,Undirected,438,,,2
BRANDON_STARK,RICKARD_STARK,Undirected,439,,,2
BRONN,KEVAN,Undirected,440,,,2
BRONN,MARILLION,Undirected,441,,,2
CATELYN,DAENERYS,Undirected,442,,,2
CATELYN,HOUND,Undirected,443,,,4
CATELYN,STEVRON_FREY,Undirected,444,,,2
CERSEI,JEOR,Undirected,445,,,2
CERSEI,LYANNA,Undirected,446,,,2
CERSEI,MERYN_TRANT,Undirected,447,,,30
CERSEI,ROS,Undirected,448,,,2
CERSEI,STANNIS,Undirected,449,,,9
CERSEI,YOREN,Undirected,450,,,2
DAENERYS,JHIQUI,Undirected,451,,,2
DAENERYS,SANSA,Undirected,452,,,73
DAREON,GRENN,Undirected,453,,,2
DAREON,JEOR,Undirected,454,,,2
DAREON,LUKE,Undirected,455,,,2
DAREON,MAESTER_AEMON,Undirected,456,,,2
DAREON,RAST,Undirected,457,,,2
DOREAH,IROGENIA,Undirected,458,,,2
DOREAH,JHIQUI,Undirected,459,,,2
DOREAH,JORAH,Undirected,460,,,9
DROGO,IRRI,Undirected,461,,,2
DROGO,ROBERT,Undirected,462,,,2
GALBART_GLOVER,GREATJON_UMBER,Undirected,463,,,2
GALBART_GLOVER,JONOS_BRACKEN,Undirected,464,,,2
GALBART_GLOVER,ROBB,Undirected,465,,,2
GENDRY,VARYS,Undirected,466,,,2
GENDRY,YOREN,Undirected,467,,,9
GREATJON_UMBER,NED,Undirected,468,,,2
GREATJON_UMBER,RENLY,Undirected,469,,,2
GREATJON_UMBER,RICKARD_KARSTARK,Undirected,470,,,2
GREATJON_UMBER,STANNIS,Undirected,471,,,2
GREATJON_UMBER,WALDER,Undirected,472,,,2
HIGH_SEPTON,NED,Undirected,473,,,2
HODOR,OSHA,Undirected,474,,,38
HOUND,JAIME,Undirected,475,,,15
HOUND,ROBB,Undirected,476,,,4
HOUND,YOREN,Undirected,477,,,2
HUGH_OF_THE_VALE,JON_ARRYN,Undirected,478,,,2
HUGH_OF_THE_VALE,MOUNTAIN,Undirected,479,,,2
HUGH_OF_THE_VALE,SANSA,Undirected,480,,,2
ILLYRIO,JORAH,Undirected,481,,,2
ILYN_PAYNE,MERYN_TRANT,Undirected,482,,,4
ILYN_PAYNE,VARYS,Undirected,483,,,2
JAIME,JON_ARRYN,Undirected,484,,,2
JAIME,RICKARD_STARK,Undirected,485,,,2
JAIME,SANSA,Undirected,486,,,30
JAIME,TYSHA,Undirected,487,,,2
JANOS,LITTLEFINGER,Undirected,488,,,6
JANOS,PYCELLE,Undirected,489,,,4
JAREMY_RYKKER,JEOR,Undirected,490,,,2
JAREMY_RYKKER,OTHELL_YARWYCK,Undirected,491,,,2
JAREMY_RYKKER,PYP,Undirected,492,,,2
JEOR,JOFFREY,Undirected,493,,,2
JOANNA,TYRION,Undirected,494,,,2
JOFFREY,JON,Undirected,495,,,2
JOFFREY,TOMMEN,Undirected,496,,,26
JOFFREY,WILL,Undirected,497,,,2
JON,RODRIK,Undirected,498,,,2
JON,ROS,Undirected,499,,,2
JON_ARRYN,VARYS,Undirected,500,,,2
JORAH,LITTLE_BIRD,Undirected,501,,,2
JORAH,NED,Undirected,502,,,2
JORAH,VARYS,Undirected,503,,,25
JORY_CASSEL,MHAEGEN,Undirected,504,,,2
JORY_CASSEL,THEON,Undirected,505,,,2
JOYEUSE,WALDER,Undirected,506,,,6
KEVAN,LEO_LEFFORD,Undirected,507,,,2
KEVAN,SHAGGA,Undirected,508,,,2
LANCEL,RENLY,Undirected,509,,,2
LEO_LEFFORD,TYRION,Undirected,510,,,2
LITTLEFINGER,LORAS,Undirected,511,,,19
LITTLEFINGER,MHAEGEN,Undirected,512,,,2
LITTLEFINGER,YOREN,Undirected,513,,,2
LORAS,MACE,Undirected,514,,,8
LUKE,PYP,Undirected,515,,,2
MAESTER_LUWIN,ROBERT,Undirected,516,,,2
MAESTER_LUWIN,RODRIK,Undirected,517,,,7
MAESTER_LUWIN,SANSA,Undirected,518,,,2
MARILLION,MERYN_TRANT,Undirected,519,,,2
MARILLION,YOREN,Undirected,520,,,2
MELESSA,SAM,Undirected,521,,,25
MORD,RODRIK,Undirected,522,,,2
NED,ROOSE_BOLTON,Undirected,523,,,2
NED,ROS,Undirected,524,,,2
NED,STEFFON,Undirected,525,,,2
NED,VARLY,Undirected,526,,,2
OLD_NAN,THEON,Undirected,527,,,2
OTHELL_YARWYCK,PYP,Undirected,528,,,2
OTHOR,PYP,Undirected,529,,,2
OTHOR,SAM,Undirected,530,,,2
PYCELLE,TYWIN,Undirected,531,,,28
PYCELLE,YOREN,Undirected,532,,,2
RANDYLL,SAM,Undirected,533,,,30
RENLY,TOMARD,Undirected,534,,,2
RHAEGAR,ROBERT,Undirected,535,,,6
RHAEGO,VISERYS,Undirected,536,,,2
RICKARD_KARSTARK,ROBB,Undirected,537,,,52
RICKARD_KARSTARK,THEON,Undirected,538,,,4
ROBB,STANNIS,Undirected,539,,,11
ROBB,VARYS,Undirected,540,,,4
ROBERT,ROS,Undirected,541,,,2
ROBERT,TOMMEN,Undirected,542,,,4
RODRIK,TYWIN,Undirected,543,,,2
SANSA,STANNIS,Undirected,544,,,8
STANNIS,TOMARD,Undirected,545,,,2
THEON,WILL,Undirected,546,,,2
TYRION,TYSHA,Undirected,547,,,2
TYRION,VARYS,Undirected,548,,,511
ARYA,JAQEN,Undirected,551,,,346
DAVOS,STANNIS,Undirected,552,,,316
JON,YGRITTE,Undirected,553,,,286
ROBB,TALISA,Undirected,554,,,197
ARYA,TYWIN,Undirected,555,,,103
THEON,YARA,Undirected,559,,,218
DAENERYS,XARO,Undirected,561,,,80
JON,QHORIN,Undirected,565,,,73
SANSA,SHAE,Undirected,566,,,122
DAENERYS,SPICE_KING,Undirected,568,,,58
DAVOS,MATTHOS,Undirected,569,,,59
MELISANDRE,STANNIS,Undirected,570,,,171
BRIENNE,CATELYN,Undirected,573,,,73
BRIENNE,JAIME,Undirected,575,,,397
PYCELLE,TYRION,Undirected,576,,,64
DAGMER,THEON,Undirected,577,,,48
ALTON,JAIME,Undirected,581,,,48
DAVOS,MELISANDRE,Undirected,583,,,183
JANOS,TYRION,Undirected,586,,,39
LORAS,TYRION,Undirected,588,,,51
LANCEL,TYRION,Undirected,590,,,37
PODRICK,TYRION,Undirected,591,,,186
MARGAERY,RENLY,Undirected,593,,,39
EDDISON_TOLLETT,SAM,Undirected,594,,,72
ROBB,ROOSE_BOLTON,Undirected,596,,,51
BRIENNE,RENLY,Undirected,599,,,39
DAENERYS,KOVARRO,Undirected,600,,,31
CATELYN,RENLY,Undirected,602,,,30
CRASTER,JEOR,Undirected,604,,,46
LITTLEFINGER,MARGAERY,Undirected,608,,,28
QHORIN,YGRITTE,Undirected,610,,,28
DAVOS,SALLADHOR,Undirected,612,,,69
EDDISON_TOLLETT,GRENN,Undirected,613,,,70
CERSEI,TOMMEN,Undirected,615,,,160
SANSA,TYRION,Undirected,616,,,249
GILLY,SAM,Undirected,619,,,392
DAENERYS,PYATT_PREE,Undirected,621,,,23
LORAS,MARGAERY,Undirected,622,,,115
ALTON,ROBB,Undirected,624,,,22
ROS,VARYS,Undirected,626,,,47
BLACK_LORREN,THEON,Undirected,627,,,21
CERSEI,SHAE,Undirected,628,,,28
MATTHOS,STANNIS,Undirected,629,,,21
SPICE_KING,XARO,Undirected,634,,,20
STANNIS,TYRION,Undirected,635,,,20
JORAH,QUAITHE,Undirected,637,,,18
CAPTAINS_DAUGHTER,THEON,Undirected,638,,,17
CATELYN,RICKARD_KARSTARK,Undirected,639,,,22
CRASTER,JON,Undirected,641,,,28
DAISY,ROS,Undirected,642,,,17
AMORY,ARYA,Undirected,643,,,16
ARYA,RORGE,Undirected,644,,,20
CRESSEN,DAVOS,Undirected,645,,,16
HODOR,RICKON,Undirected,646,,,25
LORD_OF_BONES,YGRITTE,Undirected,647,,,20
BALON,YARA,Undirected,648,,,49
JORAH,KOVARRO,Undirected,651,,,15
AMORY,TYWIN,Undirected,654,,,14
MATTHOS,SALLADHOR,Undirected,656,,,14
BRONN,HOUND,Undirected,657,,,16
CATELYN,STANNIS,Undirected,658,,,13
DONTOS,JOFFREY,Undirected,660,,,19
DOREAH,XARO,Undirected,661,,,13
HAYLENE,TYRION,Undirected,662,,,13
JEOR,QHORIN,Undirected,663,,,13
MERYN_TRANT,TYRION,Undirected,666,,,29
CERSEI,MYRCELLA,Undirected,668,,,34
DAVOS,RENLY,Undirected,670,,,12
JOFFREY,LANCEL,Undirected,672,,,12
JON,LORD_OF_BONES,Undirected,674,,,20
JORAH,XARO,Undirected,675,,,12
MOUNTAIN,TYWIN,Undirected,676,,,20
BRONN,VARYS,Undirected,679,,,16
CATELYN,TALISA,Undirected,680,,,44
CERSEI,JANOS,Undirected,681,,,11
SHAE,VARYS,Undirected,683,,,33
BRONN,HAYLENE,Undirected,685,,,10
CRESSEN,MELISANDRE,Undirected,686,,,10
GILLY,JON,Undirected,688,,,25
HOT_PIE,LOMMY,Undirected,689,,,10
KOVARRO,XARO,Undirected,691,,,10
PODRICK,VARYS,Undirected,694,,,17
QHORIN,LORD_OF_BONES,Undirected,695,,,10
ALTON,CERSEI,Undirected,696,,,9
BRONN,JOFFREY,Undirected,697,,,15
CATELYN,LORAS,Undirected,698,,,9
HODOR,MAESTER_LUWIN,Undirected,699,,,9
HOUND,LANCEL,Undirected,700,,,9
JAQEN,RORGE,Undirected,701,,,9
JOFFREY,ROS,Undirected,702,,,9
JOFFREY,STANNIS,Undirected,703,,,14
MANCE,QHORIN,Undirected,708,,,9
PYATT_PREE,XARO,Undirected,709,,,9
SANSA,TOMMEN,Undirected,710,,,13
AMORY,YOREN,Undirected,711,,,8
ARYA,BITER,Undirected,712,,,8
BALON,ROBB,Undirected,714,,,10
BITER,RORGE,Undirected,715,,,10
CATELYN,JACKS,Undirected,716,,,8
EDDISON_TOLLETT,JON,Undirected,718,,,117
JOFFREY,LORAS,Undirected,720,,,19
JOFFREY,MYRCELLA,Undirected,721,,,8
MANDON,TYRION,Undirected,723,,,8
MELISANDRE,RENLY,Undirected,724,,,8
REGINALD,TYWIN,Undirected,726,,,8
ARYA,POLLIVER,Undirected,730,,,26
BLACK_LORREN,DAGMER,Undirected,732,,,7
BRIENNE,JACKS,Undirected,734,,,7
BRIENNE,LORAS,Undirected,735,,,9
DAISY,JOFFREY,Undirected,736,,,7
THEON,WINTERFELL_SHEPHERD,Undirected,742,,,7
ARYA,LOMMY,Undirected,743,,,8
ARYA,MOUNTAIN,Undirected,744,,,10
BRAN,DAGMER,Undirected,746,,,6
BRAN,FARLEN,Undirected,747,,,6
BRONN,LANCEL,Undirected,748,,,6
BRONN,PYCELLE,Undirected,749,,,8
CRASTER,GILLY,Undirected,754,,,6
GENDRY,TICKLER,Undirected,755,,,6
LOMMY,POLLIVER,Undirected,758,,,6
MANCE,YGRITTE,Undirected,759,,,16
MANDON,PODRICK,Undirected,760,,,6
RICKON,THEON,Undirected,761,,,13
ROOSE_BOLTON,TALISA,Undirected,763,,,13
ALTON,TORRHEN,Undirected,764,,,5
ARYA,TICKLER,Undirected,767,,,5
BALON,NED,Undirected,768,,,5
BITER,JAQEN,Undirected,769,,,5
BRIENNE,MARGAERY,Undirected,770,,,17
BRIENNE,ROBB,Undirected,771,,,5
BRIENNE,STANNIS,Undirected,772,,,18
BRONN,MERYN_TRANT,Undirected,773,,,13
CATELYN,MARGAERY,Undirected,774,,,5
CERSEI,LORAS,Undirected,776,,,48
CRASTER,SAM,Undirected,778,,,13
CRESSEN,STANNIS,Undirected,779,,,5
DAGMER,MAESTER_LUWIN,Undirected,780,,,5
DROWNED_PRIEST,THEON,Undirected,781,,,5
GERARD,RENLY,Undirected,782,,,5
JOFFREY,PODRICK,Undirected,786,,,10
JON,MANCE,Undirected,788,,,124
JORAH,PYATT_PREE,Undirected,789,,,5
LORAS,STANNIS,Undirected,790,,,5
MYRCELLA,SANSA,Undirected,792,,,5
MYRCELLA,TOMMEN,Undirected,793,,,9
PYCELLE,TIMETT,Undirected,795,,,5
QHORIN,SAM,Undirected,796,,,5
TYWIN,VARYS,Undirected,800,,,33
ALTON,RICKARD_KARSTARK,Undirected,802,,,4
BARRA,MHAEGEN,Undirected,804,,,4
BRONN,SANSA,Undirected,805,,,7
BRONN,TIMETT,Undirected,806,,,4
CATELYN,COLEN,Undirected,807,,,4
CATELYN,ROOSE_BOLTON,Undirected,808,,,17
CERSEI,PODRICK,Undirected,809,,,9
DAENERYS,QUAITHE,Undirected,811,,,4
DAENERYS,SILK_KING,Undirected,813,,,4
DAGMER,RICKON,Undirected,814,,,4
DONTOS,MERYN_TRANT,Undirected,815,,,4
DOREAH,KOVARRO,Undirected,817,,,4
EDDISON_TOLLETT,GILLY,Undirected,818,,,8
GENDRY,JAQEN,Undirected,819,,,4
GENDRY,LOMMY,Undirected,820,,,4
GENDRY,TYWIN,Undirected,821,,,6
HAYLENE,HOUND,Undirected,822,,,4
HAYLENE,JOFFREY,Undirected,823,,,4
HOUND,PODRICK,Undirected,824,,,16
ILYN_PAYNE,SHAE,Undirected,826,,,4
JAIME,RICKARD_KARSTARK,Undirected,827,,,4
JAIME,STANNIS,Undirected,828,,,9
JANOS,JOFFREY,Undirected,829,,,4
JANOS,MHAEGEN,Undirected,831,,,4
JANOS,ROS,Undirected,832,,,4
JOFFREY,MANDON,Undirected,833,,,4
JOFFREY,MARGAERY,Undirected,834,,,110
LANCEL,SANSA,Undirected,836,,,4
MAESTER_LUWIN,RICKON,Undirected,838,,,4
MATTHOS,MELISANDRE,Undirected,839,,,4
RICKARD_KARSTARK,TORRHEN,Undirected,842,,,4
ROBB,YARA,Undirected,843,,,4
STANNIS,VARYS,Undirected,844,,,6
ALTON,TYRION,Undirected,845,,,3
AMORY,JAQEN,Undirected,846,,,3
AMORY,POLLIVER,Undirected,847,,,3
ARYA,VISENYA,Undirected,849,,,3
BLACK_LORREN,RODRIK,Undirected,850,,,3
BRAN,JOFFREY,Undirected,851,,,3
BRAN,WINTERFELL_SHEPHERD,Undirected,852,,,3
BRONN,JANOS,Undirected,853,,,3
BRONN,PODRICK,Undirected,854,,,61
CERSEI,MANDON,Undirected,858,,,3
CRASTER,EDDISON_TOLLETT,Undirected,860,,,12
DAENERYS,MALAKKO,Undirected,861,,,3
DAGMER,OSHA,Undirected,862,,,3
DAGMER,RODRIK,Undirected,863,,,3
FARLEN,THEON,Undirected,865,,,3
GENDRY,MOUNTAIN,Undirected,866,,,3
GENDRY,RORGE,Undirected,867,,,3
HOT_PIE,JAQEN,Undirected,868,,,3
HOT_PIE,MOUNTAIN,Undirected,869,,,3
HOUND,SHAE,Undirected,870,,,3
IRRI,KOVARRO,Undirected,871,,,3
IRRI,XARO,Undirected,872,,,3
JAIME,MATTHOS,Undirected,873,,,3
JAIME,TORRHEN,Undirected,875,,,3
JANOS,PODRICK,Undirected,876,,,3
JAQEN,TYWIN,Undirected,878,,,3
JOFFREY,TALISA,Undirected,881,,,3
JORAH,SPICE_KING,Undirected,883,,,3
KOVARRO,MALAKKO,Undirected,884,,,3
KOVARRO,PYATT_PREE,Undirected,885,,,3
LANCEL,STANNIS,Undirected,886,,,3
LITTLEFINGER,ROBB,Undirected,887,,,5
LITTLEFINGER,ROBIN,Undirected,888,,,43
LORAS,PYCELLE,Undirected,889,,,5
LORAS,TYWIN,Undirected,890,,,20
MAESTER_LUWIN,PORTAN,Undirected,891,,,3
MAESTER_LUWIN,WINTERFELL_SHEPHERD,Undirected,892,,,3
MALAKKO,XARO,Undirected,893,,,3
MANCE,LORD_OF_BONES,Undirected,894,,,7
MOUNTAIN,POLLIVER,Undirected,895,,,5
MYRCELLA,ROBIN,Undirected,896,,,3
NED,YARA,Undirected,898,,,3
PODRICK,PYCELLE,Undirected,899,,,3
PODRICK,SHAE,Undirected,900,,,8
PYATT_PREE,SPICE_KING,Undirected,901,,,3
QUENT,ROBB,Undirected,904,,,3
ROBB,SEPTON,Undirected,906,,,3
RORGE,YOREN,Undirected,909,,,3
SANSA,TYWIN,Undirected,910,,,24
SHAE,TOMMEN,Undirected,911,,,3
STANNIS,TYWIN,Undirected,912,,,8
THEON,VARYS,Undirected,913,,,14
TIMETT,TYRION,Undirected,914,,,3
TOMMEN,TYRION,Undirected,915,,,15
AEGON,ARYA,Undirected,916,,,2
AERYS,PYCELLE,Undirected,917,,,2
AERYS,TYWIN,Undirected,919,,,2
ALTON,TALISA,Undirected,920,,,2
AMORY,HOT_PIE,Undirected,921,,,2
ARYA,KEVAN,Undirected,922,,,2
ARYA,REGINALD,Undirected,923,,,2
ARYA,RHAENYS,Undirected,924,,,2
BALON,CATELYN,Undirected,927,,,2
BARRA,JANOS,Undirected,928,,,2
BENJEN,CRASTER,Undirected,929,,,2
BILLY,RICKON,Undirected,930,,,2
BITER,YOREN,Undirected,931,,,2
BLACK_LORREN,MAESTER_LUWIN,Undirected,932,,,2
BLACK_LORREN,OSHA,Undirected,933,,,2
BOROS,JOFFREY,Undirected,934,,,2
BRAN,SANSA,Undirected,936,,,79
BRIENNE,COLEN,Undirected,937,,,2
BRIENNE,DAVOS,Undirected,938,,,35
BRIENNE,LITTLEFINGER,Undirected,939,,,48
BRIENNE,MELISANDRE,Undirected,940,,,12
BRIENNE,RICKARD_KARSTARK,Undirected,941,,,2
BRONN,CERSEI,Undirected,942,,,18
CATELYN,DAVOS,Undirected,944,,,2
CATELYN,MELISANDRE,Undirected,945,,,2
CATELYN,RICKON,Undirected,946,,,4
CERSEI,DAVOS,Undirected,947,,,6
CERSEI,HAYLENE,Undirected,948,,,2
CERSEI,JOANNA,Undirected,949,,,4
CERSEI,MATTHOS,Undirected,950,,,2
CERSEI,SALLADHOR,Undirected,951,,,2
COLEN,LORAS,Undirected,952,,,2
COLEN,MARGAERY,Undirected,953,,,2
COLEN,RENLY,Undirected,954,,,2
CRASTER,MANCE,Undirected,955,,,4
CRESSEN,MATTHOS,Undirected,956,,,2
DAGMER,FARLEN,Undirected,957,,,2
DAGMER,HODOR,Undirected,958,,,2
DAGMER,YARA,Undirected,959,,,2
DAVOS,FATHER_SEAWORTH,Undirected,960,,,2
DAVOS,JOFFREY,Undirected,961,,,2
DAVOS,LORAS,Undirected,962,,,2
DAVOS,MARYA,Undirected,963,,,2
DAVOS,ROBB,Undirected,964,,,4
DAVOS,ROBERT,Undirected,965,,,5
DONTOS,SANSA,Undirected,966,,,32
EDDISON_TOLLETT,JEOR,Undirected,967,,,8
FARLEN,RICKON,Undirected,968,,,2
FREY_DAUGHTER,ROBB,Undirected,969,,,2
GILLY,GRENN,Undirected,971,,,2
HARREN,TYWIN,Undirected,972,,,2
HAYLENE,PODRICK,Undirected,973,,,2
HIGH_SEPTON,MYRCELLA,Undirected,974,,,2
HOT_PIE,POLLIVER,Undirected,975,,,2
HOT_PIE,TICKLER,Undirected,976,,,2
HOUND,STANNIS,Undirected,978,,,2
HOUND,TOMMEN,Undirected,979,,,2
ILYN_PAYNE,LANCEL,Undirected,980,,,2
ILYN_PAYNE,TOMMEN,Undirected,981,,,2
JACKS,JAIME,Undirected,983,,,2
JAQEN,YOREN,Undirected,987,,,2
JOFFREY,MATTHOS,Undirected,989,,,2
JOFFREY,SHAE,Undirected,991,,,12
JORAH,MALAKKO,Undirected,994,,,2
KEVAN,STANNIS,Undirected,995,,,2
KOVARRO,SPICE_KING,Undirected,996,,,2
LANCEL,SHAE,Undirected,997,,,2
LANCEL,TOMMEN,Undirected,998,,,2
LITTLEFINGER,MYRCELLA,Undirected,999,,,2
LORAS,MELISANDRE,Undirected,1000,,,2
LORAS,ROBB,Undirected,1001,,,2
LORAS,TOMMEN,Undirected,1002,,,25
MARGAERY,STANNIS,Undirected,1004,,,2
MARGAERY,TYWIN,Undirected,1005,,,12
MATTHOS,ROBERT,Undirected,1006,,,2
MERYN_TRANT,TOMMEN,Undirected,1008,,,2
MHAEGEN,ROS,Undirected,1009,,,2
MYRCELLA,ROBERT,Undirected,1010,,,2
MYRCELLA,TRYSTANE,Undirected,1011,,,26
POLLIVER,TYWIN,Undirected,1016,,,2
PROTESTER,TYRION,Undirected,1017,,,2
QUAITHE,XARO,Undirected,1018,,,2
RAMSAY,ROOSE_BOLTON,Undirected,1019,,,122
RENNICK,ROBB,Undirected,1021,,,2
RHAENYS,VISENYA,Undirected,1022,,,2
RICKARD_KARSTARK,ROOSE_BOLTON,Undirected,1023,,,11
RICKARD_KARSTARK,TALISA,Undirected,1024,,,5
RICKON,RODRIK,Undirected,1025,,,2
ROBERT,THEON,Undirected,1026,,,2
SEPTON,TALISA,Undirected,1028,,,2
SILK_KING,SPICE_KING,Undirected,1030,,,2
TALISA,TORRHEN,Undirected,1031,,,2
THEON,TORRHEN,Undirected,1032,,,2
TRYSTANE,TYRION,Undirected,1034,,,2
RAMSAY,THEON,Undirected,1038,,,235
DAENERYS,MISSANDEI,Undirected,1049,,,221
BRAN,JOJEN,Undirected,1050,,,107
ARYA,THOROS,Undirected,1052,,,63
MARGAERY,SANSA,Undirected,1053,,,71
JAIME,LOCKE,Undirected,1054,,,59
BARRISTAN,JORAH,Undirected,1055,,,91
KRAZNYS_MO_NAKLOZ,MISSANDEI,Undirected,1059,,,54
JAIME,QYBURN,Undirected,1060,,,90
DAVOS,GENDRY,Undirected,1061,,,111
EDMURE,ROBB,Undirected,1064,,,46
GENDRY,MELISANDRE,Undirected,1065,,,48
DAVOS,SHIREEN,Undirected,1069,,,103
OLENNA,VARYS,Undirected,1070,,,40
BARRISTAN,DAENERYS,Undirected,1072,,,107
JON,ORELL,Undirected,1073,,,37
DAARIO,DAENERYS,Undirected,1074,,,225
OLENNA,TYWIN,Undirected,1078,,,49
JON,TORMUND,Undirected,1079,,,286
MEERA,OSHA,Undirected,1080,,,34
ARYA,BERIC,Undirected,1081,,,51
CERSEI,MARGAERY,Undirected,1083,,,131
ORELL,YGRITTE,Undirected,1085,,,32
OLENNA,TYRION,Undirected,1087,,,40
OLENNA,SANSA,Undirected,1088,,,33
ORELL,TORMUND,Undirected,1089,,,30
BRAN,MEERA,Undirected,1090,,,148
JAIME,ROOSE_BOLTON,Undirected,1091,,,29
TORMUND,YGRITTE,Undirected,1092,,,58
BERIC,THOROS,Undirected,1093,,,66
JOJEN,OSHA,Undirected,1095,,,28
BRYNDEN,CATELYN,Undirected,1098,,,27
ANGUY,ARYA,Undirected,1100,,,26
BERIC,HOUND,Undirected,1102,,,148
CERSEI,OLENNA,Undirected,1104,,,87
JOJEN,MEERA,Undirected,1105,,,68
DAENERYS,KRAZNYS_MO_NAKLOZ,Undirected,1107,,,23
HODOR,JOJEN,Undirected,1108,,,44
ROOSE_BOLTON,WALDER,Undirected,1109,,,23
MYRANDA,VIOLET,Undirected,1111,,,22
MARGAERY,OLENNA,Undirected,1114,,,123
SELYSE,STANNIS,Undirected,1115,,,60
ANGUY,HOUND,Undirected,1116,,,20
ANGUY,THOROS,Undirected,1117,,,20
GENDRY,THOROS,Undirected,1119,,,34
DAENERYS,RADZAI_MO_ERAZ,Undirected,1121,,,19
JEOR,RAST,Undirected,1122,,,19
THEON,TORTURER,Undirected,1123,,,19
BRYNDEN,EDMURE,Undirected,1124,,,29
BRAN,SAM,Undirected,1125,,,63
BRYNDEN,ROBB,Undirected,1126,,,17
DAARIO,JORAH,Undirected,1128,,,104
DAARIO,MERO,Undirected,1129,,,17
HOUND,THOROS,Undirected,1131,,,99
DAENERYS,MERO,Undirected,1134,,,16
SHIREEN,STANNIS,Undirected,1137,,,70
BRIENNE,LOCKE,Undirected,1139,,,15
CATELYN,EDMURE,Undirected,1140,,,17
HODOR,MEERA,Undirected,1143,,,73
JAIME,STEELSHANKS_WALTON,Undirected,1145,,,14
MANCE,TORMUND,Undirected,1146,,,26
MELISANDRE,THOROS,Undirected,1147,,,16
CRASTER,KARL_TANNER,Undirected,1149,,,18
JORAH,MISSANDEI,Undirected,1150,,,44
MEERA,RICKON,Undirected,1151,,,13
MERO,PRENDAHL,Undirected,1152,,,13
DAENERYS,GREY_WORM,Undirected,1155,,,110
EDMURE,ROSLIN,Undirected,1157,,,12
GREY_WORM,JORAH,Undirected,1158,,,41
JOJEN,SAM,Undirected,1159,,,12
MARTYN,TALISA,Undirected,1160,,,12
MYRANDA,THEON,Undirected,1161,,,29
ROS,SHAE,Undirected,1162,,,12
THEON,VIOLET,Undirected,1163,,,12
ANGUY,BERIC,Undirected,1164,,,11
ANGUY,GENDRY,Undirected,1165,,,11
EDDISON_TOLLETT,RAST,Undirected,1167,,,11
LORAS,OLYVAR,Undirected,1169,,,26
EDMURE,WALDER,Undirected,1173,,,15
GILLY,MAESTER_AEMON,Undirected,1174,,,14
LOCKE,ROOSE_BOLTON,Undirected,1176,,,12
LORAS,OLENNA,Undirected,1177,,,25
MANCE,ORELL,Undirected,1180,,,10
TALISA,WALDER,Undirected,1183,,,10
BRIENNE,ROOSE_BOLTON,Undirected,1185,,,9
GENDRY,STANNIS,Undirected,1187,,,9
JOJEN,RICKON,Undirected,1190,,,9
LITTLE_SAM,GILLY,Undirected,1191,,,70
LITTLE_SAM,SAM,Undirected,1192,,,61
ROOSE_BOLTON,TYWIN,Undirected,1196,,,13
BLACK_WALDER,ROBB,Undirected,1197,,,8
BRYNDEN,ROOSE_BOLTON,Undirected,1200,,,8
BRYNDEN,TALISA,Undirected,1201,,,8
CRASTER,RAST,Undirected,1203,,,13
DAENERYS,PRENDAHL,Undirected,1204,,,8
EDMURE,TALISA,Undirected,1206,,,8
FARMER,JON,Undirected,1207,,,8
GILLY,MEERA,Undirected,1208,,,8
HODOR,SAM,Undirected,1209,,,8
JEOR,KARL_TANNER,Undirected,1210,,,10
JOFFREY,OLENNA,Undirected,1212,,,20
MEERA,SAM,Undirected,1214,,,8
MERYN_TRANT,TARYN_MANT,Undirected,1215,,,8
ROSLIN,WALDER,Undirected,1216,,,8
BARRISTAN,MISSANDEI,Undirected,1217,,,20
BERIC,GENDRY,Undirected,1218,,,24
DAARIO,MISSANDEI,Undirected,1222,,,32
DAARIO,PRENDAHL,Undirected,1223,,,7
EDMURE,LOTHAR,Undirected,1224,,,13
FARMER,TORMUND,Undirected,1225,,,7
BARRISTAN,DAARIO,Undirected,1231,,,20
BERIC,MELISANDRE,Undirected,1232,,,12
BRYNDEN,WALDER,Undirected,1234,,,11
CATELYN,JOYEUSE,Undirected,1235,,,6
DAARIO,GREY_WORM,Undirected,1236,,,40
FARMER,YGRITTE,Undirected,1238,,,6
HOT_PIE,THOROS,Undirected,1239,,,6
JAIME,RENLY,Undirected,1240,,,6
JORAH,MERO,Undirected,1241,,,6
MACE,OLENNA,Undirected,1242,,,20
MERO,MISSANDEI,Undirected,1243,,,6
ROBB,ROSLIN,Undirected,1245,,,6
ARYA,MELISANDRE,Undirected,1247,,,18
BARRISTAN,GREY_WORM,Undirected,1248,,,19
BLACK_WALDER,EDMURE,Undirected,1250,,,14
BLACK_WALDER,LOTHAR,Undirected,1251,,,20
BRYNDEN,RICKARD_KARSTARK,Undirected,1253,,,5
GENDRY,HOUND,Undirected,1257,,,49
HOSTER,ROBB,Undirected,1258,,,5
JOJEN,JON,Undirected,1261,,,7
JORAH,KRAZNYS_MO_NAKLOZ,Undirected,1263,,,5
JORAH,ROBERT,Undirected,1264,,,5
MARGAERY,TYRION,Undirected,1265,,,16
MARTYN,WILLEM_LANNISTER,Undirected,1266,,,5
BALON,RAMSAY,Undirected,1273,,,4
BRAN,ORELL,Undirected,1274,,,4
CATELYN,ROSLIN,Undirected,1277,,,4
CERSEI,TARYN_MANT,Undirected,1278,,,4
EDMURE,FREY_SEPTON,Undirected,1279,,,4
EDMURE,RICKARD_KARSTARK,Undirected,1280,,,4
FARMER,ORELL,Undirected,1281,,,4
GILLY,JOJEN,Undirected,1282,,,4
GREIZHEN,MISSANDEI,Undirected,1283,,,4
JOYEUSE,ROBB,Undirected,1287,,,4
JOYEUSE,TALISA,Undirected,1288,,,4
LOCKE,TYWIN,Undirected,1292,,,4
LORD_OF_BONES,TORMUND,Undirected,1294,,,16
LOTHAR,WALDER,Undirected,1296,,,13
MAREI,TYRION,Undirected,1297,,,6
MELISANDRE,ROBERT,Undirected,1300,,,4
QYBURN,ROOSE_BOLTON,Undirected,1302,,,4
QYBURN,TALISA,Undirected,1303,,,4
RAMSAY,YARA,Undirected,1304,,,11
ROSLIN,TALISA,Undirected,1307,,,4
SORCERER,VARYS,Undirected,1308,,,4
TARYN_MANT,TYRION,Undirected,1309,,,4
ANGUY,MELISANDRE,Undirected,1312,,,3
BERIC,MOUNTAIN,Undirected,1313,,,3
BLACK_WALDER,BRYNDEN,Undirected,1315,,,8
BLACK_WALDER,CATELYN,Undirected,1316,,,3
BRAN,GILLY,Undirected,1317,,,3
BRANDON_STARK,JOJEN,Undirected,1319,,,3
BRIENNE,SELWYN,Undirected,1320,,,8
BRYNDEN,LOTHAR,Undirected,1323,,,7
CRASTER,GRENN,Undirected,1325,,,7
DAENERYS,GREIZHEN,Undirected,1326,,,3
EDMURE,ROOSE_BOLTON,Undirected,1327,,,3
FARMER,JOJEN,Undirected,1328,,,3
GENDRY,ROBERT,Undirected,1329,,,14
GILLY,HODOR,Undirected,1330,,,3
GILLY,RANDYLL,Undirected,1331,,,11
HIGH_SEPTON,JOFFREY,Undirected,1332,,,8
HIGH_SEPTON,MARGAERY,Undirected,1333,,,7
HODOR,ORELL,Undirected,1334,,,3
JAIME,SELWYN,Undirected,1338,,,3
JOANNA,TYWIN,Undirected,1339,,,5
JOJEN,NED,Undirected,1343,,,3
JOJEN,ORELL,Undirected,1344,,,3
JON,OSHA,Undirected,1347,,,3
LITTLEFINGER,OLYVAR,Undirected,1348,,,5
LITTLEFINGER,SHAE,Undirected,1350,,,3
LOTHAR,ROBB,Undirected,1352,,,3
MACE,MARGAERY,Undirected,1353,,,19
MEERA,ORELL,Undirected,1354,,,3
MERRY,WALDER,Undirected,1355,,,3
MERYN_TRANT,PODRICK,Undirected,1356,,,3
MISSANDEI,PRENDAHL,Undirected,1357,,,3
MISSANDEI,RADZAI_MO_ERAZ,Undirected,1358,,,3
MOUNTAIN,ROBB,Undirected,1359,,,3
OLENNA,PODRICK,Undirected,1363,,,3
OLENNA,ROBERT,Undirected,1364,,,3
ORELL,OSHA,Undirected,1365,,,3
ORELL,RICKON,Undirected,1366,,,3
QYBURN,ROBB,Undirected,1368,,,3
RAMSAY,ROBB,Undirected,1369,,,5
RICKARD_KARSTARK,WILLEM_LANNISTER,Undirected,1372,,,3
ROBERT,THOROS,Undirected,1375,,,3
ROOSE_BOLTON,STEELSHANKS_WALTON,Undirected,1376,,,3
ROOSE_BOLTON,THEON,Undirected,1377,,,25
SORCERER,TYRION,Undirected,1379,,,3
AEGON,DAVOS,Undirected,1381,,,2
AEGON,SHIREEN,Undirected,1382,,,2
AERYS,JOFFREY,Undirected,1384,,,2
ANGUY,HOT_PIE,Undirected,1386,,,2
ARYA,ROOSE_BOLTON,Undirected,1392,,,2
BALERION,DAVOS,Undirected,1394,,,2
BALON,ROOSE_BOLTON,Undirected,1396,,,4
BARRISTAN,KRAZNYS_MO_NAKLOZ,Undirected,1397,,,2
BARRISTAN,RADZAI_MO_ERAZ,Undirected,1398,,,2
BERT,SHIREEN,Undirected,1399,,,2
BLACK_WALDER,JOYEUSE,Undirected,1400,,,2
BOROS,MERYN_TRANT,Undirected,1401,,,2
BRAN,FARMER,Undirected,1402,,,2
BRAN,TORMUND,Undirected,1405,,,6
BRAN,YGRITTE,Undirected,1406,,,2
BRONN,HIGH_SEPTON,Undirected,1407,,,2
BRONN,LORAS,Undirected,1408,,,2
BRONN,MARGAERY,Undirected,1409,,,2
BRONN,OLENNA,Undirected,1410,,,4
BRONN,TARYN_MANT,Undirected,1413,,,2
BRYNDEN,HOSTER,Undirected,1415,,,2
BRYNDEN,ROSLIN,Undirected,1416,,,2
CATELYN,LOTHAR,Undirected,1419,,,2
CERSEI,HIGH_SEPTON,Undirected,1422,,,15
DAREON,HOBB,Undirected,1431,,,2
DAVOS,RYLENE,Undirected,1435,,,2
DESMOND,ELDRICK,Undirected,1436,,,2
DESMOND,SANSA,Undirected,1437,,,2
DESMOND,TYRION,Undirected,1438,,,2
EDDISON_TOLLETT,KARL_TANNER,Undirected,1439,,,2
EDMURE,HOUND,Undirected,1440,,,2
EDMURE,JOYEUSE,Undirected,1441,,,2
EDMURE,MOUNTAIN,Undirected,1442,,,2
EDMURE,TYWIN,Undirected,1443,,,2
FARMER,HODOR,Undirected,1444,,,2
FARMER,MEERA,Undirected,1445,,,2
FARMER,OSHA,Undirected,1446,,,2
FARMER,RICKON,Undirected,1447,,,2
FREY_SEPTON,ROSLIN,Undirected,1448,,,2
FREY_SEPTON,WALDER,Undirected,1449,,,2
GILLY,RAST,Undirected,1451,,,2
GREIZHEN,JORAH,Undirected,1452,,,2
GREIZHEN,KRAZNYS_MO_NAKLOZ,Undirected,1453,,,2
GRENN,KARL_TANNER,Undirected,1454,,,2
GREY_WORM,MERO,Undirected,1455,,,2
GREY_WORM,MISSANDEI,Undirected,1456,,,183
HIGH_SEPTON,LORAS,Undirected,1457,,,2
HIGH_SEPTON,OLENNA,Undirected,1458,,,2
HIGH_SEPTON,PYCELLE,Undirected,1459,,,4
HIGH_SEPTON,SANSA,Undirected,1460,,,2
HIGH_SEPTON,TYRION,Undirected,1461,,,2
HIGH_SEPTON,TYWIN,Undirected,1462,,,2
HODOR,JON,Undirected,1463,,,2
HODOR,TORMUND,Undirected,1464,,,2
HODOR,YGRITTE,Undirected,1465,,,2
HOUND,ROOSE_BOLTON,Undirected,1470,,,2
JAIME,LORAS,Undirected,1474,,,18
JAIME,PYCELLE,Undirected,1476,,,7
JOJEN,TORMUND,Undirected,1480,,,2
JOJEN,YGRITTE,Undirected,1481,,,2
JON,MEERA,Undirected,1482,,,2
JON,QHORIN_HALFHAND,Undirected,1483,,,2
JON,RICKON,Undirected,1484,,,11
JORAH,PRENDAHL,Undirected,1485,,,2
JOYEUSE,ROSLIN,Undirected,1486,,,2
KARL_TANNER,RAST,Undirected,1487,,,15
KARL_TANNER,SAM,Undirected,1488,,,2
LITTLEFINGER,PODRICK,Undirected,1489,,,10
LOCKE,QYBURN,Undirected,1490,,,2
LOCKE,STEELSHANKS_WALTON,Undirected,1491,,,2
LORAS,SHAE,Undirected,1494,,,2
LOTHAR,ROSLIN,Undirected,1495,,,2
LOTHAR,TALISA,Undirected,1496,,,2
LYSA,TYWIN,Undirected,1497,,,2
LYSA,VARYS,Undirected,1498,,,2
MARGAERY,PYCELLE,Undirected,1499,,,4
MARTYN,ROBB,Undirected,1500,,,2
MEERA,TORMUND,Undirected,1501,,,2
MEERA,YGRITTE,Undirected,1502,,,2
MELISANDRE,SELYSE,Undirected,1503,,,51
MOUNTAIN,THOROS,Undirected,1504,,,2
MYRANDA,RAMSAY,Undirected,1506,,,55
NED,RICKARD_KARSTARK,Undirected,1507,,,2
NED,THOROS,Undirected,1508,,,2
OLENNA,PYCELLE,Undirected,1510,,,5
OLENNA,RENLY,Undirected,1511,,,2
OSHA,TORMUND,Undirected,1512,,,2
OSHA,YGRITTE,Undirected,1513,,,2
PODRICK,SANSA,Undirected,1514,,,35
QHORIN_HALFHAND,YGRITTE,Undirected,1516,,,2
QYBURN,SELWYN,Undirected,1517,,,2
QYBURN,TYWIN,Undirected,1518,,,2
RAMSAY,VIOLET,Undirected,1519,,,2
RENLY,TYWIN,Undirected,1522,,,2
RICKARD_KARSTARK,ROSLIN,Undirected,1523,,,2
RICKARD_KARSTARK,WALDER,Undirected,1525,,,2
RICKON,TORMUND,Undirected,1528,,,4
RICKON,YGRITTE,Undirected,1529,,,2
RYLENE,STANNIS,Undirected,1532,,,2
SALLADHOR,STANNIS,Undirected,1533,,,2
SELYSE,SHIREEN,Undirected,1534,,,27
STEELSHANKS_WALTON,TYWIN,Undirected,1536,,,2
TYRION,WALDER,Undirected,1537,,,2
TYWIN,WALDER,Undirected,1538,,,2
LYSA,SANSA,Undirected,1547,,,92
OBERYN,TYWIN,Undirected,1552,,,79
BRIENNE,PODRICK,Undirected,1553,,,251
OBERYN,TYRION,Undirected,1554,,,78
CERSEI,OBERYN,Undirected,1560,,,63
LITTLEFINGER,LYSA,Undirected,1561,,,58
ELLARIA,OBERYN,Undirected,1567,,,58
ROBIN,SANSA,Undirected,1571,,,52
TOMMEN,TYWIN,Undirected,1576,,,45
JANOS,JON,Undirected,1580,,,59
ARYA,BRIENNE,Undirected,1583,,,61
OBERYN,VARYS,Undirected,1588,,,34
STYR,YGRITTE,Undirected,1591,,,32
LITTLEFINGER,YOHN_ROYCE,Undirected,1596,,,60
BRONN,JAIME,Undirected,1597,,,284
HOUND,POLLIVER,Undirected,1598,,,29
MARGAERY,TOMMEN,Undirected,1599,,,144
ALLISER_THORNE,JANOS,Undirected,1604,,,32
DAENERYS,HIZDAHR,Undirected,1609,,,93
GILLY,MOLES_TOWN_WHORE,Undirected,1610,,,24
MELISANDRE,SHIREEN,Undirected,1611,,,33
BRIENNE,HOT_PIE,Undirected,1612,,,25
BRIENNE,HOUND,Undirected,1613,,,47
ANYA_WAYNWOOD,LITTLEFINGER,Undirected,1614,,,21
JON,LOCKE,Undirected,1616,,,21
MACE,TYWIN,Undirected,1618,,,21
OBERYN,OLYVAR,Undirected,1619,,,21
FARMER_HAMLET,HOUND,Undirected,1621,,,20
STYR,TORMUND,Undirected,1624,,,20
CERSEI,QYBURN,Undirected,1627,,,173
DAVOS,TYCHO,Undirected,1628,,,18
ELLARIA,OLYVAR,Undirected,1629,,,18
MORGAN,OBERYN,Undirected,1630,,,18
MOUNTAIN,OBERYN,Undirected,1631,,,22
RALF,THEON,Undirected,1632,,,18
ARYA,TERNESIO_TERYS,Undirected,1635,,,17
KARL_TANNER,MEERA,Undirected,1637,,,17
STANNIS,TYCHO,Undirected,1642,,,17
DAENERYS,FENNESZ,Undirected,1646,,,15
RAMSAY,TANSY,Undirected,1647,,,15
SANSA,YOHN_ROYCE,Undirected,1648,,,58
BRIENNE,CERSEI,Undirected,1650,,,18
ELIA,OBERYN,Undirected,1653,,,14
GRENN,LOCKE,Undirected,1654,,,14
JOJEN,KARL_TANNER,Undirected,1656,,,14
JON,OLLY,Undirected,1657,,,61
MACE,OBERYN,Undirected,1658,,,14
MACE,TYRION,Undirected,1659,,,14
ARYA,FARMER_HAMLET,Undirected,1663,,,13
BRAN,LOCKE,Undirected,1665,,,13
CERSEI,MACE,Undirected,1666,,,45
CERSEI,MOUNTAIN,Undirected,1667,,,75
GRENN,JANOS,Undirected,1668,,,13
JAIME,PODRICK,Undirected,1669,,,44
JAIME,TOMMEN,Undirected,1670,,,54
DYING_MAN,HOUND,Undirected,1674,,,12
JAIME,OBERYN,Undirected,1675,,,12
JON,STANNIS,Undirected,1676,,,106
MANCE,STANNIS,Undirected,1677,,,26
PYCELLE,QYBURN,Undirected,1678,,,35
ANYA_WAYNWOOD,SANSA,Undirected,1681,,,11
DONTOS,LITTLEFINGER,Undirected,1684,,,11
ELLARIA,TYRION,Undirected,1685,,,18
FARMER_HAMLET,SALLY,Undirected,1686,,,11
JAIME,MARGAERY,Undirected,1687,,,19
JON,KARL_TANNER,Undirected,1688,,,11
ANYA_WAYNWOOD,YOHN_ROYCE,Undirected,1690,,,10
ARYA,DYING_MAN,Undirected,1691,,,10
KARL_TANNER,SISSY,Undirected,1693,,,10
MORGAN,MORGANS_FRIEND,Undirected,1694,,,10
OLLY,STYR,Undirected,1695,,,10
BRAN,THREE_EYED_RAVEN,Undirected,1697,,,85
ELLARIA,MAREI,Undirected,1702,,,9
ELLARIA,TYWIN,Undirected,1703,,,9
JANOS,SAM,Undirected,1706,,,17
JOFFREY,MACE,Undirected,1707,,,9
BALON_DWARF,ROBB_DWARF,Undirected,1711,,,8
BRONN,OBERYN,Undirected,1712,,,8
DONNEL_HILL,GRENN,Undirected,1713,,,8
EDDISON_TOLLETT,JANOS,Undirected,1714,,,11
ELLARIA,MORGAN,Undirected,1716,,,8
JAIME,MACE,Undirected,1717,,,16
JOFFREY,OBERYN,Undirected,1718,,,8
JON,MORAG,Undirected,1719,,,8
MACE,VARYS,Undirected,1721,,,8
MORGANS_FRIEND,OBERYN,Undirected,1723,,,8
ALLISER_THORNE,LOCKE,Undirected,1726,,,7
BOLTON_GUARD,YARA,Undirected,1728,,,7
BRAN,KARL_TANNER,Undirected,1729,,,7
BRAN,LEAF,Undirected,1730,,,26
CERSEI,ELLARIA,Undirected,1731,,,30
DAENERYS,MEEREEN_CHAMPION,Undirected,1735,,,7
DAVOS,JON,Undirected,1736,,,261
DONGO_THE_GIANT,MAG_THE_MIGHTY,Undirected,1737,,,7
DORNISH_LORD,TYRION,Undirected,1738,,,7
EDDISON_TOLLETT,PYP,Undirected,1739,,,9
ENDREW,JAIME,Undirected,1740,,,7
GILLY,PYP,Undirected,1741,,,7
GRENN,MAG_THE_MIGHTY,Undirected,1742,,,7
GUYMON,OLLY,Undirected,1743,,,7
HIZDAHR,HIZDAHRS_FATHER,Undirected,1744,,,7
HODOR,LOCKE,Undirected,1745,,,7
JON,SISSY,Undirected,1749,,,7
MACE,TOMMEN,Undirected,1752,,,9
MAREI,OBERYN,Undirected,1753,,,7
MOLES_TOWN_MADAM,SAM,Undirected,1755,,,7
OBERYN,PYCELLE,Undirected,1757,,,7
OBERYN,SHAE,Undirected,1758,,,7
OLLY,SAM,Undirected,1759,,,37
OLLY,YGRITTE,Undirected,1760,,,7
RENLY_DWARF,STANNIS_DWARF,Undirected,1762,,,7
ARYA,SALLY,Undirected,1765,,,6
BRIENNE,JOFFREY,Undirected,1768,,,6
BRIENNE,SANSA,Undirected,1769,,,120
CERSEI,DONTOS,Undirected,1771,,,6
DAVOS,MANCE,Undirected,1773,,,6
DAVOS,SELYSE,Undirected,1774,,,15
ELDER_MEEREEN_SLAVE,MOSSADOR,Undirected,1776,,,6
FIRST_MATE,YARA,Undirected,1777,,,6
GOATHERD,MISSANDEI,Undirected,1778,,,6
GRENN,OLLY,Undirected,1779,,,6
HOUND,LYSA,Undirected,1782,,,6
HOUND,RORGE,Undirected,1783,,,6
HOUND,SALLY,Undirected,1784,,,6
JAIME,VARYS,Undirected,1785,,,16
JOFFREY_DWARF,ROBB_DWARF,Undirected,1786,,,6
JON,STYR,Undirected,1787,,,6
MAREI,OLYVAR,Undirected,1790,,,6
MEERA,THREE_EYED_RAVEN,Undirected,1793,,,17
MORGAN,OLYVAR,Undirected,1795,,,6
MOUNTAIN,PYCELLE,Undirected,1796,,,6
MOUNTAIN,QYBURN,Undirected,1797,,,32
MYRANDA,TANSY,Undirected,1799,,,6
OBERYN,TOMMEN,Undirected,1800,,,6
ORSON,TYRION,Undirected,1801,,,6
SAM,TORMUND,Undirected,1803,,,36
TANSY,THEON,Undirected,1804,,,6
ALLISER_THORNE,EDDISON_TOLLETT,Undirected,1805,,,20
ALLISER_THORNE,TORMUND,Undirected,1806,,,18
BRIENNE,OLENNA,Undirected,1807,,,5
BRIENNE,TYRION,Undirected,1808,,,55
DAENERYS,GOATHERD,Undirected,1812,,,5
DONTOS,TYRION,Undirected,1814,,,5
EDDISON_TOLLETT,LOCKE,Undirected,1815,,,5
EDDISON_TOLLETT,MORAG,Undirected,1816,,,5
ENDREW,JOFFREY,Undirected,1817,,,5
FENNESZ,MASTER_MIGHDAL,Undirected,1818,,,5
FIRST_MATE,THEON,Undirected,1819,,,5
GRENN,MORAG,Undirected,1820,,,5
HIGH_SEPTON,TOMMEN,Undirected,1822,,,5
HIZDAHR,MANSERVANT,Undirected,1823,,,5
HOT_PIE,PODRICK,Undirected,1824,,,5
JAIME,SHAE,Undirected,1827,,,5
JANOS,OLLY,Undirected,1828,,,8
JOFFREY,POLLIVER,Undirected,1830,,,5
LHARA,SALLADHOR,Undirected,1833,,,5
LUTHOR,OLENNA,Undirected,1834,,,5
MACE,PYCELLE,Undirected,1836,,,15
MACE,SANSA,Undirected,1837,,,5
MACE,SHAE,Undirected,1838,,,5
MARGAERY,OBERYN,Undirected,1839,,,5
MOUNTAIN,TYRION,Undirected,1840,,,18
OBERYN,PODRICK,Undirected,1841,,,5
RAMSAY,WALDA,Undirected,1843,,,34
ROOSE_BOLTON,WALDA,Undirected,1844,,,14
ADRACK_HUMBLE,THEON,Undirected,1846,,,4
AXELL_FLORENT,MELISANDRE,Undirected,1850,,,4
AXELL_FLORENT,SELYSE,Undirected,1851,,,4
BALON_DWARF,JOFFREY_DWARF,Undirected,1852,,,4
BALON_DWARF,STANNIS_DWARF,Undirected,1853,,,4
BLACK_JACK,KEGS,Undirected,1854,,,4
BLACK_JACK,MULLY,Undirected,1855,,,4
BRAN,CRASTER,Undirected,1856,,,4
BRAN,RAST,Undirected,1857,,,4
BRONN,MORGAN,Undirected,1858,,,4
COOPER,GRENN,Undirected,1862,,,4
CRASTER,LOCKE,Undirected,1864,,,4
CRASTER,MORAG,Undirected,1865,,,4
CRASTER,SISSY,Undirected,1866,,,4
CRASTERS_BABY,RAST,Undirected,1867,,,4
CRASTERS_BABY,SISSY,Undirected,1868,,,4
DAARIO,MEEREEN_CHAMPION,Undirected,1869,,,4
DAENERYS,HIZDAHRS_FATHER,Undirected,1870,,,4
EDDISON_TOLLETT,SISSY,Undirected,1871,,,4
ELDER_MEEREEN_SLAVE,GREY_WORM,Undirected,1872,,,4
ELDER_MEEREEN_SLAVE,MEEREEN_SLAVE,Undirected,1873,,,4
ELIA,MOUNTAIN,Undirected,1874,,,4
ELIA,TYWIN,Undirected,1875,,,4
ELLARIA,JAIME,Undirected,1876,,,25
ELLARIA,MOUNTAIN,Undirected,1877,,,10
ELLARIA,PODRICK,Undirected,1878,,,4
GILLY,JANOS,Undirected,1879,,,7
GILLY,STYR,Undirected,1880,,,4
GILLY,YGRITTE,Undirected,1881,,,4
GRENN,SISSY,Undirected,1882,,,4
HIGH_SEPTON,JAIME,Undirected,1883,,,4
JANOS,MAESTER_AEMON,Undirected,1885,,,4
JOFFREY,JOFFREY_DWARF,Undirected,1886,,,4
JON,MAG_THE_MIGHTY,Undirected,1888,,,4
KEGS,MULLY,Undirected,1890,,,4
LEAF,MEERA,Undirected,1891,,,17
LITTLE_SAM,MOLES_TOWN_WHORE,Undirected,1892,,,4
LOCKE,RAMSAY,Undirected,1894,,,4
LORAS,OBERYN,Undirected,1895,,,4
LYSA,NED,Undirected,1896,,,4
LYSA,YOHN_ROYCE,Undirected,1897,,,4
MERYN_TRANT,ROOSE_BOLTON,Undirected,1899,,,4
MERYN_TRANT,TYWIN,Undirected,1900,,,4
MORAG,SISSY,Undirected,1901,,,4
MORGAN,TYRION,Undirected,1902,,,4
MYRANDA,YARA,Undirected,1904,,,4
OBERYN,SANSA,Undirected,1905,,,4
OLLY,OLLYS_MOTHER,Undirected,1906,,,4
PYCELLE,TOMMEN,Undirected,1908,,,14
SAM,STYR,Undirected,1909,,,4
SAM,YGRITTE,Undirected,1910,,,4
STYR,THENN_WARG,Undirected,1912,,,4
AERYS,TYRION,Undirected,1913,,,10
ALLISER_THORNE,OLLY,Undirected,1914,,,18
ALLISER_THORNE,QHORIN,Undirected,1915,,,3
ANYA_WAYNWOOD,LYSA,Undirected,1916,,,3
ARYA,PODRICK,Undirected,1921,,,10
BAELOR,TYWIN,Undirected,1923,,,3
BALON_DWARF,RENLY_DWARF,Undirected,1924,,,3
BOLTON_GUARD,FIRST_MATE,Undirected,1925,,,3
BRAN,CRASTERS_BABY,Undirected,1926,,,3
BRAN,RAMSAY,Undirected,1928,,,3
BRONN,ELLARIA,Undirected,1930,,,3
BRONN,LOLLYS,Undirected,1931,,,17
BRONN,MOUNTAIN,Undirected,1932,,,3
COOPER,DONNEL_HILL,Undirected,1941,,,3
CRASTER,JOJEN,Undirected,1942,,,3
CRASTER,MEERA,Undirected,1943,,,3
CRASTERS_BABY,MEERA,Undirected,1945,,,3
DAENERYS,MANSERVANT,Undirected,1946,,,3
DONNEL_WAYNWOOD,HOUND,Undirected,1947,,,3
DORAN,TYRION,Undirected,1948,,,3
EDDISON_TOLLETT,OLLY,Undirected,1949,,,13
ELLARIA,JOFFREY,Undirected,1950,,,3
ELLARIA,LORAS,Undirected,1951,,,3
GILLY,TORMUND,Undirected,1952,,,8
GUYMON,OLLYS_MOTHER,Undirected,1953,,,3
HODOR,LEAF,Undirected,1954,,,12
HODOR,RAST,Undirected,1955,,,3
HOSTER,LYSA,Undirected,1956,,,3
HOUND,INNKEEPER,Undirected,1957,,,3
HOUND,SYRIO_FOREL,Undirected,1958,,,3
INNKEEPER,POLLIVER,Undirected,1959,,,3
JAIME,MERYN_TRANT,Undirected,1960,,,3
JAIME,OLENNA,Undirected,1961,,,50
JOFFREY,MOUNTAIN,Undirected,1964,,,3
JOFFREY,ROBB_DWARF,Undirected,1966,,,3
JOFFREY_DWARF,SANSA,Undirected,1968,,,3
JOFFREY_DWARF,STANNIS_DWARF,Undirected,1969,,,3
JOJEN,LEAF,Undirected,1970,,,3
JOJEN,THREE_EYED_RAVEN,Undirected,1971,,,3
MAG_THE_MIGHTY,MANCE,Undirected,1976,,,3
MAG_THE_MIGHTY,SAM,Undirected,1977,,,3
MEEREEN_SLAVE,MOSSADOR,Undirected,1978,,,3
MOLES_TOWN_MADAM,MOLES_TOWN_WHORE,Undirected,1979,,,3
OLENNA,TOMMEN,Undirected,1982,,,6
OLLY,PYP,Undirected,1983,,,3
OLLY,TORMUND,Undirected,1984,,,8
PODRICK,TYWIN,Undirected,1985,,,3
PYP,TORMUND,Undirected,1988,,,3
STANNIS,TOMMEN,Undirected,1991,,,3
THENN_WARG,TORMUND,Undirected,1992,,,3
THENN_WARG,YGRITTE,Undirected,1993,,,3
VANCE_CORBRAY,YOHN_ROYCE,Undirected,1994,,,3
ADRACK_HUMBLE,RALF,Undirected,1995,,,2
AERYS,CERSEI,Undirected,1996,,,7
ALLISER_THORNE,CRASTER,Undirected,1997,,,2
ALLISER_THORNE,YGRITTE,Undirected,1998,,,2
ANYA_WAYNWOOD,ROBIN,Undirected,1999,,,2
ANYA_WAYNWOOD,VANCE_CORBRAY,Undirected,2000,,,2
ARYA,DONNEL_WAYNWOOD,Undirected,2001,,,2
ARYA,INNKEEPER,Undirected,2002,,,2
ARYA,INNKEEPERS_DAUGHTER,Undirected,2003,,,2
ARYA,LYSA,Undirected,2007,,,2
ARYA,TOMMY,Undirected,2010,,,2
AXELL_FLORENT,DAVOS,Undirected,2011,,,2
AXELL_FLORENT,STANNIS,Undirected,2012,,,2
BAELOR,HIGH_SEPTON,Undirected,2013,,,2
BAELOR,TYRION,Undirected,2015,,,2
BALON_DWARF,JOFFREY,Undirected,2017,,,2
BARRISTAN,GOATHERD,Undirected,2019,,,2
BITER,HOUND,Undirected,2022,,,2
BOROS,JAIME,Undirected,2024,,,2
BRIENNE,BRONN,Undirected,2027,,,12
BRIENNE,NED,Undirected,2029,,,2
BRONN,FALYSE,Undirected,2031,,,4
BRONN,MORGANS_FRIEND,Undirected,2032,,,2
CERSEI,ELIA,Undirected,2037,,,2
CERSEI,FOOL,Undirected,2038,,,2
CERSEI,JOFFREY_DWARF,Undirected,2040,,,2
CERSEI,ROBB_DWARF,Undirected,2042,,,2
CRASTER,CRASTERS_BABY,Undirected,2043,,,2
CRASTER,HODOR,Undirected,2044,,,2
CRASTERS_BABY,HODOR,Undirected,2046,,,2
CRASTERS_BABY,JOJEN,Undirected,2047,,,2
CRASTERS_BABY,KARL_TANNER,Undirected,2048,,,2
CRASTERS_BABY,NIGHT_KING,Undirected,2049,,,2
CRASTERS_BABY,WHITE_WALKER,Undirected,2050,,,2
DAENERYS,MASTER_MIGHDAL,Undirected,2052,,,2
DAENERYS,RHAEGAR,Undirected,2053,,,2
DAVOS,EDDISON_TOLLETT,Undirected,2056,,,34
DAVOS,GRENN,Undirected,2057,,,2
DAVOS,MAESTER_AEMON,Undirected,2058,,,2
DAVOS,SAM,Undirected,2059,,,18
DONGO_THE_GIANT,JON,Undirected,2060,,,2
DONNEL_HILL,MAG_THE_MIGHTY,Undirected,2061,,,2
DORAN,OBERYN,Undirected,2062,,,10
DORNISH_LORD,OBERYN,Undirected,2063,,,2
DROGO,RHAEGAR,Undirected,2064,,,2
EDDISON_TOLLETT,MAESTER_AEMON,Undirected,2065,,,2
EDDISON_TOLLETT,MELISANDRE,Undirected,2066,,,13
EDDISON_TOLLETT,SELYSE,Undirected,2067,,,2
EDDISON_TOLLETT,SHIREEN,Undirected,2068,,,2
EDDISON_TOLLETT,STANNIS,Undirected,2069,,,6
ELLARIA,MACE,Undirected,2070,,,2
ELLARIA,MARGAERY,Undirected,2071,,,2
ELLARIA,MORGANS_FRIEND,Undirected,2072,,,2
ELLARIA,SANSA,Undirected,2073,,,2
ELLARIA,VARYS,Undirected,2074,,,5
FENNESZ,MISSANDEI,Undirected,2075,,,2
FOOL,JOFFREY,Undirected,2076,,,2
FOOL,TYWIN,Undirected,2077,,,2
GILLY,MOLES_TOWN_MADAM,Undirected,2078,,,2
GOATHERD,GOATHERDS_SON,Undirected,2079,,,2
GOATHERD,GREY_WORM,Undirected,2080,,,2
GOATHERD,JORAH,Undirected,2081,,,2
GRENN,MAESTER_AEMON,Undirected,2082,,,2
GRENN,MELISANDRE,Undirected,2083,,,2
GRENN,SELYSE,Undirected,2084,,,2
GRENN,SHIREEN,Undirected,2085,,,2
GRENN,STANNIS,Undirected,2086,,,2
GRENN,YGRITTE,Undirected,2087,,,2
GREY_WORM,MOSSADOR,Undirected,2088,,,5
GUYMON,STYR,Undirected,2089,,,2
GUYMON,YGRITTE,Undirected,2090,,,2
HIGH_SEPTON,MACE,Undirected,2091,,,7
HIZDAHR,JORAH,Undirected,2092,,,6
HODOR,NED,Undirected,2093,,,5
HODOR,THREE_EYED_RAVEN,Undirected,2094,,,17
HOSTER,JON_ARRYN,Undirected,2095,,,2
HOSTER,LITTLEFINGER,Undirected,2096,,,2
HOUND,INNKEEPERS_DAUGHTER,Undirected,2097,,,2
HOUND,LOMMY,Undirected,2098,,,2
HOUND,TOMMY,Undirected,2101,,,2
HOUND,VARYS,Undirected,2102,,,5
INNKEEPER,TOMMY,Undirected,2103,,,2
JAIME,JOANNA,Undirected,2104,,,2
JANOS,LITTLE_SAM,Undirected,2107,,,2
JANOS,LOCKE,Undirected,2108,,,2
JANOS,OTHELL_YARWYCK,Undirected,2109,,,2
JANOS,PYP,Undirected,2110,,,2
JOFFREY,LYSA,Undirected,2113,,,2
JOFFREY,RENLY_DWARF,Undirected,2115,,,2
JOFFREY,STANNIS_DWARF,Undirected,2117,,,2
JOFFREY_DWARF,MARGAERY,Undirected,2119,,,2
JOFFREY_DWARF,RENLY_DWARF,Undirected,2120,,,2
JOFFREY_DWARF,TYRION,Undirected,2121,,,2
JOJEN,LOCKE,Undirected,2123,,,2
JOJEN,RAST,Undirected,2124,,,2
JON,MELISANDRE,Undirected,2125,,,99
JON,SELYSE,Undirected,2127,,,8
JON,SHIREEN,Undirected,2128,,,4
JORAH,MEEREEN_CHAMPION,Undirected,2130,,,2
LEAF,THREE_EYED_RAVEN,Undirected,2132,,,10
LITTLE_SAM,MOLES_TOWN_MADAM,Undirected,2133,,,2
LITTLE_SAM,PYP,Undirected,2134,,,2
LITTLEFINGER,VANCE_CORBRAY,Undirected,2136,,,2
LOCKE,MEERA,Undirected,2137,,,2
LOCKE,MORAG,Undirected,2138,,,2
LOCKE,RAST,Undirected,2139,,,2
LOCKE,SAM,Undirected,2141,,,2
LOCKE,SISSY,Undirected,2142,,,2
LOLLYS,TYRION,Undirected,2143,,,2
LORAS,RENLY_DWARF,Undirected,2145,,,2
LORAS,STANNIS_DWARF,Undirected,2147,,,2
LUTHOR,VIOLA,Undirected,2148,,,2
MACE,MOUNTAIN,Undirected,2149,,,2
MACE,PODRICK,Undirected,2150,,,2
MAESTER_AEMON,MELISANDRE,Undirected,2151,,,2
MAESTER_AEMON,OLLY,Undirected,2152,,,2
MAESTER_AEMON,SELYSE,Undirected,2154,,,2
MAESTER_AEMON,SHIREEN,Undirected,2155,,,2
MAESTER_AEMON,STANNIS,Undirected,2156,,,2
MAREI,MORGAN,Undirected,2157,,,2
MAREI,SHAE,Undirected,2158,,,2
MARGAERY,ROBB_DWARF,Undirected,2161,,,2
MEERA,NED,Undirected,2162,,,4
MEERA,RAST,Undirected,2163,,,2
MELISANDRE,SAM,Undirected,2164,,,7
MERYN_TRANT,THEON,Undirected,2166,,,2
MISSANDEI,ZALA,Undirected,2167,,,2
MOLES_TOWN_WHORE,SAM,Undirected,2168,,,2
MORGANS_FRIEND,TYRION,Undirected,2169,,,2
MOUNTAIN,SHAE,Undirected,2171,,,2
MUSICIAN,OLENNA,Undirected,2172,,,2
MYRCELLA,OBERYN,Undirected,2173,,,4
NED,YOHN_ROYCE,Undirected,2176,,,2
NIGHT_KING,WHITE_WALKER,Undirected,2177,,,2
OLENNA,VIOLA,Undirected,2178,,,2
OLLYS_MOTHER,STYR,Undirected,2179,,,2
OLLYS_MOTHER,TORMUND,Undirected,2180,,,2
OLLYS_MOTHER,YGRITTE,Undirected,2181,,,2
ORYS,ORYS_BROTHER,Undirected,2182,,,2
ORYS,TYWIN,Undirected,2183,,,2
ORYS_BROTHER,TYWIN,Undirected,2184,,,2
POLLIVER,TOMMY,Undirected,2186,,,2
RALF,ROOSE_BOLTON,Undirected,2187,,,2
RAMSAY,RICKON,Undirected,2188,,,15
RENLY_DWARF,ROBB_DWARF,Undirected,2191,,,2
ROBB_DWARF,SANSA,Undirected,2193,,,2
ROBB_DWARF,TYRION,Undirected,2194,,,2
SAM,SELYSE,Undirected,2196,,,7
SAM,SHIREEN,Undirected,2197,,,6
SAM,STANNIS,Undirected,2198,,,28
SANSA,VANCE_CORBRAY,Undirected,2199,,,2
SANSA,WAYMAR_ROYCE,Undirected,2201,,,2
TOMMEN,TYCHO,Undirected,2203,,,2
TOMMEN,VARYS,Undirected,2204,,,2
TYCHO,TYWIN,Undirected,2205,,,5
JORAH,TYRION,Undirected,2207,,,168
DAENERYS,TYRION,Undirected,2210,,,468
CERSEI,HIGH_SPARROW,Undirected,2211,,,111
SANSA,THEON,Undirected,2219,,,117
JAIME,MYRCELLA,Undirected,2224,,,62
MYRANDA,SANSA,Undirected,2225,,,58
RAMSAY,SANSA,Undirected,2229,,,91
ARYA,WAIF,Undirected,2231,,,96
BRONN,TYENE,Undirected,2242,,,34
DORAN,ELLARIA,Undirected,2243,,,41
JAQEN,WAIF,Undirected,2246,,,52
HIGH_SPARROW,OLENNA,Undirected,2247,,,34
DAENERYS,MOSSADOR,Undirected,2252,,,28
JON,KARSI,Undirected,2253,,,28
AREO,DORAN,Undirected,2255,,,30
DAARIO,TYRION,Undirected,2257,,,27
DAARIO,HIZDAHR,Undirected,2259,,,24
DORAN,JAIME,Undirected,2260,,,24
LITTLEFINGER,ROOSE_BOLTON,Undirected,2264,,,22
CERSEI,KEVAN,Undirected,2265,,,39
HIGH_SPARROW,LORAS,Undirected,2266,,,43
CERSEI,MAGGY,Undirected,2267,,,20
AREO,BRONN,Undirected,2271,,,19
KARSI,TORMUND,Undirected,2273,,,19
TYCHO,MACE,Undirected,2274,,,19
AREO,JAIME,Undirected,2275,,,18
GILLY,SHIREEN,Undirected,2278,,,18
BLACK_HAIRED_PROSTITUTE,TYRION,Undirected,2281,,,17
HIGH_SPARROW,MARGAERY,Undirected,2283,,,93
MALKO,TYRION,Undirected,2285,,,17
JAIME,TRYSTANE,Undirected,2288,,,16
JON,LOBODA,Undirected,2289,,,16
LITTLEFINGER,OLENNA,Undirected,2290,,,16
MISSANDEI,TYRION,Undirected,2291,,,156
ROOSE_BOLTON,SANSA,Undirected,2292,,,23
AREO,ELLARIA,Undirected,2293,,,18
AREO,MYRCELLA,Undirected,2294,,,15
CERSEI,SEPTA_UNELLA,Undirected,2300,,,26
LANCEL,LITTLEFINGER,Undirected,2302,,,14
LITTLEFINGER,RAMSAY,Undirected,2303,,,18
NYMERIA,TYENE,Undirected,2306,,,20
ARYA,THIN_MAN,Undirected,2307,,,13
HIZDAHR,TYRION,Undirected,2311,,,13
BRONN,DORNISH_RIDER,Undirected,2314,,,12
CERSEI,MELARA,Undirected,2315,,,12
JORAH,MALKO,Undirected,2318,,,12
BRAND,DERRYK,Undirected,2320,,,11
ELLARIA,OBARA,Undirected,2321,,,17
ELLARIA,TYENE,Undirected,2322,,,37
HIGH_SEPTON,OLYVAR,Undirected,2323,,,11
JAQEN,THIN_MAN,Undirected,2324,,,11
DAVOS,OLLY,Undirected,2325,,,14
ELLARIA,MYRCELLA,Undirected,2326,,,10
OLLY,STANNIS,Undirected,2327,,,10
BRONN,MYRCELLA,Undirected,2330,,,9
DORAN,MYRCELLA,Undirected,2333,,,9
DORAN,TRYSTANE,Undirected,2334,,,9
HIGH_SPARROW,OLYVAR,Undirected,2335,,,9
LITTLEFINGER,ROYCE,Undirected,2337,,,9
MACE,QYBURN,Undirected,2340,,,9
AREO,TRYSTANE,Undirected,2344,,,8
HIGH_SPARROW,TOMMEN,Undirected,2347,,,57
HIZDAHR,MISSANDEI,Undirected,2348,,,8
KARSI,LOBODA,Undirected,2350,,,8
LANCEL,LORAS,Undirected,2351,,,13
SANSA,WALDA,Undirected,2353,,,8
AREO,OBARA,Undirected,2355,,,7
BRONN,OBARA,Undirected,2357,,,7
DERRYK,SAM,Undirected,2360,,,7
GILLY,OLLY,Undirected,2361,,,7
HIZDAHR,MOSSADOR,Undirected,2363,,,7
MACE,MERYN_TRANT,Undirected,2364,,,9
MARGAERY,OLYVAR,Undirected,2366,,,7
OWNER,TYRION,Undirected,2367,,,7
RAMSAY,STANNIS,Undirected,2369,,,7
BRAND,SAM,Undirected,2371,,,6
BRONN,DORAN,Undirected,2372,,,6
BRONN,TRYSTANE,Undirected,2373,,,6
DAARIO,MOSSADOR,Undirected,2375,,,6
GILLY,SELYSE,Undirected,2379,,,6
HIGH_SEPTON,LANCEL,Undirected,2380,,,6
HIGH_SEPTON,QYBURN,Undirected,2381,,,6
MADAME,MERYN_TRANT,Undirected,2386,,,6
MYRANDA,WALDA,Undirected,2388,,,6
MYRCELLA,OBARA,Undirected,2389,,,6
NYMERIA,OBARA,Undirected,2390,,,24
OBARA,TYENE,Undirected,2391,,,15
ALLISER_THORNE,STANNIS,Undirected,2393,,,5
BRONN,NYMERIA,Undirected,2397,,,5
DAENERYS,OWNER,Undirected,2400,,,5
DERRYK,GILLY,Undirected,2401,,,5
ELLARIA,NYMERIA,Undirected,2404,,,9
KEVAN,TOMMEN,Undirected,2407,,,12
PODRICK,STANNIS,Undirected,2411,,,5
ALLISER_THORNE,DAVOS,Undirected,2414,,,26
AREO,NYMERIA,Undirected,2418,,,4
AREO,TYENE,Undirected,2419,,,7
ARYA,MACE,Undirected,2420,,,4
BARRISTAN,MOSSADOR,Undirected,2421,,,4
CERSEI,OLYVAR,Undirected,2422,,,4
CERSEI,ROOSE_BOLTON,Undirected,2423,,,4
DORNISH_RIDER,JAIME,Undirected,2425,,,4
ELLARIA,TRYSTANE,Undirected,2427,,,4
GILLY,STANNIS,Undirected,2429,,,4
HIGH_SEPTON,HIGH_SPARROW,Undirected,2430,,,4
HIGH_SPARROW,RENLY,Undirected,2431,,,4
HIGH_SPARROW,ROBERT,Undirected,2432,,,4
JAIME,TYENE,Undirected,2434,,,6
JON,NIGHT_KING,Undirected,2435,,,40
JORAH,OWNER,Undirected,2436,,,4
LITTLEFINGER,THEON,Undirected,2438,,,4
LOBODA,TORMUND,Undirected,2439,,,4
MERYN_TRANT,QYBURN,Undirected,2440,,,4
MYRANDA,ROOSE_BOLTON,Undirected,2441,,,4
QUICK,STRONG,Undirected,2442,,,4
ROOSE_BOLTON,STANNIS,Undirected,2444,,,4
THEON,WALDA,Undirected,2448,,,4
AERYS,DAENERYS,Undirected,2450,,,16
ARYA,TYCHO,Undirected,2452,,,3
BARRISTAN,RHAEGAR,Undirected,2454,,,3
DORAN,TOMMEN,Undirected,2459,,,3
GREY_WORM,TYRION,Undirected,2463,,,142
JAIME,LOLLYS,Undirected,2464,,,3
JAIME,OBARA,Undirected,2465,,,3
JANOS,STANNIS,Undirected,2469,,,3
KEVAN,LANCEL,Undirected,2475,,,3
KEVAN,PYCELLE,Undirected,2476,,,8
KEVAN,QYBURN,Undirected,2477,,,5
LITTLE_SAM,OLLY,Undirected,2478,,,3
LITTLEFINGER,LYANNA,Undirected,2479,,,3
LORD_WEEBLY,SAM,Undirected,2484,,,3
LYANNA,SANSA,Undirected,2485,,,3
MANCE,MELISANDRE,Undirected,2486,,,3
OBARA,OBERYN,Undirected,2489,,,3
PODRICK,RENLY,Undirected,2490,,,3
RICKON,SANSA,Undirected,2492,,,10
ROYCE,SANSA,Undirected,2493,,,3
STANNIS,TORMUND,Undirected,2497,,,7
AEGON,RHAENYRA,Undirected,2498,,,2
ALLISER_THORNE,DENYS,Undirected,2500,,,2
ALLISER_THORNE,MANCE,Undirected,2501,,,2
ARYA,MADAME,Undirected,2502,,,2
ARYA,WALDER,Undirected,2505,,,22
BARRISTAN,HIZDAHR,Undirected,2506,,,2
BRIAN,JON,Undirected,2507,,,2
BRIENNE,ROBERT,Undirected,2508,,,2
CERSEI,JORAH,Undirected,2515,,,2
CERWYN,RAMSAY,Undirected,2516,,,2
DAARIO,QUICK,Undirected,2517,,,2
DAARIO,STRONG,Undirected,2518,,,2
DAENERYS,QUICK,Undirected,2519,,,2
DAENERYS,STRONG,Undirected,2521,,,2
DORAN,OBARA,Undirected,2524,,,2
DORAN,TYENE,Undirected,2525,,,6
EDDISON_TOLLETT,LITTLE_SAM,Undirected,2527,,,2
EDDISON_TOLLETT,TORMUND,Undirected,2529,,,36
GILLY,MELISANDRE,Undirected,2530,,,2
HIGH_SPARROW,MERYN_TRANT,Undirected,2533,,,2
HIGH_SPARROW,SEPTA_UNELLA,Undirected,2534,,,12
HIZDAHR,OWNER,Undirected,2535,,,2
HIZDAHR,QUICK,Undirected,2536,,,2
HIZDAHR,STRONG,Undirected,2537,,,2
JAIME,NYMERIA,Undirected,2539,,,2
JAQEN,MACE,Undirected,2541,,,2
JAQEN,MERYN_TRANT,Undirected,2542,,,2
JON,LITTLE_SAM,Undirected,2549,,,2
JON,LORD_WEEBLY,Undirected,2550,,,2
JON,ROOSE_BOLTON,Undirected,2551,,,5
JORAH,MOSSADOR,Undirected,2553,,,2
KARSI,NIGHT_KING,Undirected,2554,,,2
LANCEL,OLYVAR,Undirected,2556,,,2
LANCEL,PYCELLE,Undirected,2557,,,2
LITTLE_SAM,MELISANDRE,Undirected,2558,,,2
LITTLE_SAM,STANNIS,Undirected,2559,,,2
LITTLEFINGER,MYRANDA,Undirected,2561,,,2
LITTLEFINGER,TOMMEN,Undirected,2565,,,2
LITTLEFINGER,WALDA,Undirected,2566,,,2
LOLLYS,TANDA,Undirected,2567,,,2
LYANNA_MORMONT,STANNIS,Undirected,2569,,,2
MACE,THIN_MAN,Undirected,2571,,,2
MAESTER_WOLKAN,ROOSE_BOLTON,Undirected,2573,,,4
MAGGY,MELARA,Undirected,2574,,,2
MAGGY,ROBERT,Undirected,2575,,,2
MAGNAR,SAM,Undirected,2576,,,2
MANCE,SAM,Undirected,2577,,,2
MARGAERY,ROBERT,Undirected,2578,,,2
MELISANDRE,OLLY,Undirected,2579,,,4
MERYN_TRANT,MOUNTAIN,Undirected,2580,,,2
MERYN_TRANT,THIN_MAN,Undirected,2581,,,2
MOSSADOR,TYRION,Undirected,2582,,,2
OLENNA,OLYVAR,Undirected,2584,,,2
OLYVAR,TOMMEN,Undirected,2585,,,2
QUICK,TYRION,Undirected,2587,,,2
ROBIN,ROYCE,Undirected,2594,,,2
STANNIS,STEFFON,Undirected,2596,,,2
STRONG,TYRION,Undirected,2597,,,2
THIN_MAN,WAIF,Undirected,2598,,,2
TYCHO,JAQEN,Undirected,2600,,,2
TYCHO,MERYN_TRANT,Undirected,2601,,,2
TYCHO,THIN_MAN,Undirected,2602,,,2
JON,SANSA,Undirected,2603,,,300
ARYA,LADY_CRANE,Undirected,2616,,,64
DAVOS,TORMUND,Undirected,2624,,,76
HOUND,RAY,Undirected,2631,,,41
DAVOS,SANSA,Undirected,2635,,,64
BRYNDEN,JAIME,Undirected,2640,,,35
DAENERYS,KHAL_MORO,Undirected,2641,,,34
RAMSAY,SMALLJON,Undirected,2642,,,34
HIGH_SPARROW,JAIME,Undirected,2643,,,33
BRIENNE,BRYNDEN,Undirected,2645,,,32
EDMURE,JAIME,Undirected,2646,,,31
JON,RAMSAY,Undirected,2647,,,30
BENJEN,BRAN,Undirected,2648,,,29
JON,LYANNA_MORMONT,Undirected,2658,,,41
SANSA,TORMUND,Undirected,2659,,,37
OSHA,RAMSAY,Undirected,2661,,,23
CAMELLO,LADY_CRANE,Undirected,2665,,,21
GREY_WORM,VARYS,Undirected,2668,,,53
MARGAERY,SEPTA_UNELLA,Undirected,2670,,,21
JAIME,WALDER,Undirected,2676,,,19
JON,ROBETT,Undirected,2677,,,27
DAENERYS,YARA,Undirected,2680,,,24
BALON,EURON,Undirected,2682,,,17
DAVOS,LYANNA_MORMONT,Undirected,2683,,,24
EURON,YARA,Undirected,2684,,,44
BIANCA,LADY_CRANE,Undirected,2685,,,16
BOBONO,LADY_CRANE,Undirected,2686,,,16
EURON,THEON,Undirected,2688,,,36
IZEMBARO,LADY_CRANE,Undirected,2689,,,16
MISSANDEI,VARYS,Undirected,2691,,,52
TYRION,YEZZAN,Undirected,2692,,,16
BLACK_WALDER,WALDER,Undirected,2694,,,15
DAENERYS,LHAZAREEN_WOMAN,Undirected,2697,,,15
DAENERYS,THEON,Undirected,2698,,,33
GILLY,MELESSA,Undirected,2699,,,15
KINVARA,TYRION,Undirected,2701,,,15
BLACK_WALDER,JAIME,Undirected,2703,,,14
VALA,VARYS,Undirected,2706,,,14
BIANCA,IZEMBARO,Undirected,2708,,,13
JAIME,LOTHAR,Undirected,2709,,,13
JON,WUN_WUN,Undirected,2710,,,13
MAESTER_CITADEL,SAM,Undirected,2712,,,13
ARTHUR,NED,Undirected,2717,,,12
BENJEN,MEERA,Undirected,2718,,,12
BRAN,NIGHT_KING,Undirected,2719,,,29
LYANNA_MORMONT,SANSA,Undirected,2722,,,26
MAESTER_WOLKAN,RAMSAY,Undirected,2723,,,12
MELESSA,TALLA,Undirected,2724,,,12
MELISANDRE,TORMUND,Undirected,2725,,,17
TORMUND,WUN_WUN,Undirected,2727,,,12
CLARENZO,LADY_CRANE,Undirected,2731,,,11
DICKON,SAM,Undirected,2733,,,15
EDDISON_TOLLETT,SANSA,Undirected,2735,,,13
JOFFREY,LADY_CRANE,Undirected,2736,,,11
LEM,RAY,Undirected,2737,,,11
MELESSA,RANDYLL,Undirected,2740,,,11
NED,THREE_EYED_RAVEN,Undirected,2741,,,11
RAMSAY,SON_OFWALDA,Undirected,2742,,,11
ARYA,BIANCA,Undirected,2743,,,10
BIANCA,BOBONO,Undirected,2745,,,10
BOBONO,CLARENZO,Undirected,2746,,,10
BRIENNE,JON,Undirected,2747,,,30
GREY_WORM,YEZZAN,Undirected,2749,,,10
MELISANDRE,SANSA,Undirected,2753,,,10
RAZDAL,TYRION,Undirected,2755,,,10
SON_OFWALDA,WALDA,Undirected,2756,,,10
AERON,YARA,Undirected,2757,,,9
ARYA,IZEMBARO,Undirected,2759,,,9
BOBONO,IZEMBARO,Undirected,2761,,,9
BRIENNE,EDDISON_TOLLETT,Undirected,2762,,,12
BRIENNE,TORMUND,Undirected,2763,,,55
CLARENZO,IZEMBARO,Undirected,2764,,,9
DAVOS,WUN_WUN,Undirected,2766,,,9
ELLARIA,OLENNA,Undirected,2767,,,12
GATINS,HOUND,Undirected,2768,,,9
AERON,EURON,Undirected,2774,,,8
BENJEN,LYANNA,Undirected,2775,,,8
BIANCA,CLARENZO,Undirected,2777,,,8
DAENERYS,DOSH_KHALEEN_LEADER,Undirected,2778,,,8
DAVOS,RAMSAY,Undirected,2781,,,8
DOSH_KHALEEN_LEADER,LHAZAREEN_WOMAN,Undirected,2783,,,8
GILLY,TALLA,Undirected,2785,,,8
HIGH_SPARROW,LANCEL,Undirected,2786,,,8
JON,LITTLEFINGER,Undirected,2789,,,28
JON,SMALLJON,Undirected,2790,,,8
KINVARA,VARYS,Undirected,2791,,,8
QYBURN,TOMMEN,Undirected,2794,,,8
RAMSAY,RICKARD_KARSTARK,Undirected,2795,,,8
RAMSAY,TORMUND,Undirected,2796,,,8
SAM,TALLA,Undirected,2797,,,8
BELICHO,TYRION,Undirected,2799,,,7
BENJEN,THREE_EYED_RAVEN,Undirected,2800,,,7
BOBONO,CAMELLO,Undirected,2801,,,7
EDMURE,GUARD_CAPTAIN,Undirected,2802,,,7
GLOVER,JON,Undirected,2803,,,7
GREY_WORM,RAZDAL,Undirected,2804,,,7
KEVAN,OLENNA,Undirected,2806,,,7
LYANNA_MORMONT,MAESTER_MORMONT,Undirected,2809,,,7
MEERA,NIGHT_KING,Undirected,2810,,,7
MISSANDEI,RAZDAL,Undirected,2811,,,7
MISSANDEI,YEZZAN,Undirected,2812,,,7
NYMERIA,TRYSTANE,Undirected,2813,,,7
OBARA,OLENNA,Undirected,2814,,,7
OLENNA,SEPTA_UNELLA,Undirected,2815,,,7
RAZDAL,YEZZAN,Undirected,2816,,,7
ROBETT,SANSA,Undirected,2818,,,14
ROBIN,YOHN_ROYCE,Undirected,2819,,,10
ALLISER_THORNE,BOWEN_MARSH,Undirected,2821,,,6
ARTHUR_CHILD,QYBURN,Undirected,2822,,,6
ARYA,CLARENZO,Undirected,2823,,,6
BELICHO,RAZDAL,Undirected,2825,,,6
BOWEN_MARSH,JON,Undirected,2826,,,6
BRAN,LYANNA,Undirected,2827,,,13
BRYNDEN,GUARD_CAPTAIN,Undirected,2828,,,6
BRYNDEN,PODRICK,Undirected,2829,,,6
BRYNDEN,SANSA,Undirected,2830,,,6
CAMELLO,CLARENZO,Undirected,2831,,,6
CAMELLO,IZEMBARO,Undirected,2832,,,6
CERSEI,LADY_CRANE,Undirected,2835,,,6
DAENERYS,RAZDAL,Undirected,2838,,,6
DAVOS,SMALLJON,Undirected,2839,,,6
HIGH_SPARROW,MACE,Undirected,2841,,,6
HOUND,LEM,Undirected,2842,,,6
LADY_CRANE,SANSA,Undirected,2844,,,6
LANCEL,MARGAERY,Undirected,2845,,,6
LEAF,NIGHT_KING,Undirected,2846,,,6
OBARA,TRYSTANE,Undirected,2848,,,6
RICKON,SMALLJON,Undirected,2849,,,6
SMALLJON,TORMUND,Undirected,2850,,,6
TYRION,YARA,Undirected,2851,,,11
ARYA,BOBONO,Undirected,2852,,,5
ARYA,CAMELLO,Undirected,2853,,,5
BELICHO,GREY_WORM,Undirected,2855,,,5
BELICHO,MISSANDEI,Undirected,2856,,,5
BELICHO,YEZZAN,Undirected,2857,,,5
BLACK_WALDER,BRONN,Undirected,2858,,,5
BOBONO,JOFFREY,Undirected,2860,,,5
BRIENNE,THEON,Undirected,2862,,,10
CLARENZO,JOFFREY,Undirected,2867,,,5
CLARENZO,TYRION,Undirected,2868,,,5
DAENERYS,KINVARA,Undirected,2869,,,5
DAVOS,LITTLEFINGER,Undirected,2870,,,9
DIM_DALBA,JON,Undirected,2871,,,5
DOM,VARYS,Undirected,2872,,,5
DORAN,MAESTER_DORNE,Undirected,2873,,,5
DROGO,KHAL_MORO,Undirected,2874,,,5
JON,MAESTER_MORMONT,Undirected,2879,,,5
LADY_CRANE,TYRION,Undirected,2882,,,5
LITTLE_SAM,MELESSA,Undirected,2884,,,5
MAESTER_MORMONT,SANSA,Undirected,2885,,,5
NIGHT_KING,THREE_EYED_RAVEN,Undirected,2887,,,5
PODRICK,THEON,Undirected,2889,,,9
RAMSAY,WUN_WUN,Undirected,2890,,,5
RANDYLL,TALLA,Undirected,2891,,,5
RICKARD_KARSTARK,SMALLJON,Undirected,2893,,,5
SANSA,WUN_WUN,Undirected,2894,,,5
AERON,BALON,Undirected,2895,,,4
AERON,THEON,Undirected,2896,,,4
ARTHUR,HOWLAND,Undirected,2897,,,4
BIANCA,CAMELLO,Undirected,2900,,,4
BIANCA,JOFFREY,Undirected,2901,,,4
BIANCA,SANSA,Undirected,2902,,,4
BOBONO,SANSA,Undirected,2903,,,4
BOBONO,TYRION,Undirected,2904,,,4
BOBONO,TYWIN,Undirected,2905,,,4
BOWEN_MARSH,DAVOS,Undirected,2906,,,4
BOWEN_MARSH,EDDISON_TOLLETT,Undirected,2907,,,4
BOWEN_MARSH,MELISANDRE,Undirected,2908,,,4
BOWEN_MARSH,OLLY,Undirected,2909,,,4
BOWEN_MARSH,OTHELL_YARWYCK,Undirected,2910,,,6
BOWEN_MARSH,TORMUND,Undirected,2911,,,4
BRONN,LOTHAR,Undirected,2913,,,4
CERSEI,CLARENZO,Undirected,2915,,,4
CLARENZO,SANSA,Undirected,2918,,,4
DAARIO,LHAZAREEN_WOMAN,Undirected,2919,,,4
DAENERYS,YEZZAN,Undirected,2920,,,4
DAVOS,MAESTER_MORMONT,Undirected,2921,,,4
DICKON,GILLY,Undirected,2923,,,4
DIM_DALBA,TORMUND,Undirected,2924,,,4
EDDISON_TOLLETT,PODRICK,Undirected,2926,,,4
GILLY,MAESTER_CITADEL,Undirected,2927,,,4
GLOVER,MANDERLY,Undirected,2928,,,4
HARALD,RAMSAY,Undirected,2929,,,4
HODOR,LYANNA,Undirected,2931,,,4
HODOR,NIGHT_KING,Undirected,2932,,,4
HOWLAND,NED,Undirected,2933,,,4
JAIME,SON_OF_EDMURE,Undirected,2935,,,4
JON,MANDERLY,Undirected,2937,,,4
JON,PODRICK,Undirected,2938,,,11
KEVAN,MARGAERY,Undirected,2941,,,4
LITTLEFINGER,TORMUND,Undirected,2942,,,7
LYANNA_MORMONT,ROBB,Undirected,2944,,,4
MAESTER_WOLKAN,MYRANDA,Undirected,2945,,,4
MAESTER_WOLKAN,RICKARD_KARSTARK,Undirected,2946,,,4
NYMERIA,OLENNA,Undirected,2948,,,4
PODRICK,TORMUND,Undirected,2949,,,28
RED_PRIEST,TYRION,Undirected,2950,,,4
SANSA,SMALLJON,Undirected,2951,,,4
ALLISER_THORNE,MELISANDRE,Undirected,2955,,,3
ALLISER_THORNE,WUN_WUN,Undirected,2957,,,3
ARTHUR,BRAN,Undirected,2961,,,3
ARTHUR,THREE_EYED_RAVEN,Undirected,2962,,,3
BENJEN,HODOR,Undirected,2965,,,3
BERIC,LEM,Undirected,2966,,,3
BIANCA,CERSEI,Undirected,2967,,,3
BIANCA,NED,Undirected,2968,,,3
BIANCA,TYRION,Undirected,2969,,,3
BOBONO,CERSEI,Undirected,2970,,,3
BOBONO,NED,Undirected,2971,,,3
BRONN,EDMURE,Undirected,2974,,,3
CERSEI,IZEMBARO,Undirected,2977,,,3
CLARENZO,MARGAERY,Undirected,2979,,,3
DAENERYS,RED_PRIEST,Undirected,2980,,,3
DAVOS,GLOVER,Undirected,2981,,,3
DAVOS,HARALD,Undirected,2982,,,3
DICKON,RANDYLL,Undirected,2984,,,30
DIM_DALBA,WUN_WUN,Undirected,2985,,,3
DOM,VALA,Undirected,2986,,,3
EDDISON_TOLLETT,WUN_WUN,Undirected,2988,,,3
GLOVER,SANSA,Undirected,2989,,,3
HARALD,JON,Undirected,2990,,,3
HARALD,SANSA,Undirected,2991,,,3
HARALD,SMALLJON,Undirected,2992,,,3
HARALD,TORMUND,Undirected,2993,,,3
HIGH_SPARROW,KEVAN,Undirected,2994,,,3
HOWLAND,THREE_EYED_RAVEN,Undirected,2996,,,3
IZEMBARO,JOFFREY,Undirected,2997,,,3
IZEMBARO,NED,Undirected,2998,,,3
IZEMBARO,TYWIN,Undirected,2999,,,3
JORAH,LHAZAREEN_WOMAN,Undirected,3007,,,3
KEVAN,LORAS,Undirected,3008,,,3
KEVAN,MACE,Undirected,3009,,,3
LEM,THOROS,Undirected,3010,,,3
LITTLE_SAM,TALLA,Undirected,3011,,,3
LYANNA,THREE_EYED_RAVEN,Undirected,3013,,,3
LYANNA_MORMONT,RAMSAY,Undirected,3014,,,3
LYANNA_MORMONT,TORMUND,Undirected,3015,,,11
MANDERLY,ROBB,Undirected,3017,,,3
NED,OLD_NAN,Undirected,3019,,,3
NED,RAMSAY,Undirected,3020,,,3
OLENNA,TYENE,Undirected,3023,,,3
RAZDAL,VARYS,Undirected,3024,,,3
RED_PRIEST,VARYS,Undirected,3025,,,3
ROBB,ROBETT,Undirected,3026,,,3
ROOSE_BOLTON,SMALLJON,Undirected,3027,,,3
SMALLJON,WUN_WUN,Undirected,3030,,,3
AREO,MAESTER_DORNE,Undirected,3031,,,2
ARYA,RICKON,Undirected,3033,,,2
BELICHO,DAENERYS,Undirected,3035,,,2
BELICHO,VARYS,Undirected,3036,,,2
BENJEN,RODRIK,Undirected,3037,,,2
BIANCA,MARGAERY,Undirected,3038,,,2
BOBONO,MARGAERY,Undirected,3039,,,2
BRAN,HOWLAND,Undirected,3041,,,2
BRAN,JAQEN,Undirected,3042,,,2
BRONN,BRYNDEN,Undirected,3046,,,2
BRONN,WALDER,Undirected,3047,,,2
BRYNDEN,MINISA,Undirected,3048,,,2
CAMELLO,NED,Undirected,3049,,,2
CAMELLO,SANSA,Undirected,3050,,,2
CAMELLO,TYRION,Undirected,3051,,,2
CERSEI,SON_OF_EDMURE,Undirected,3055,,,2
CLARENZO,ROBERT,Undirected,3057,,,2
DAARIO,DOSH_KHALEEN_LEADER,Undirected,3058,,,2
DAARIO,KHAL_MORO,Undirected,3059,,,2
DAENERYS,VALA,Undirected,3060,,,2
DAVOS,DIM_DALBA,Undirected,3061,,,2
DAVOS,OTHELL_YARWYCK,Undirected,3062,,,2
DAVOS,RICKON,Undirected,3063,,,2
DAVOS,ROBETT,Undirected,3064,,,4
DICKON,MELESSA,Undirected,3065,,,2
DICKON,TALLA,Undirected,3066,,,2
DIM_DALBA,SANSA,Undirected,3067,,,2
DOSH_KHALEEN_LEADER,JORAH,Undirected,3068,,,2
EDDISON_TOLLETT,OTHELL_YARWYCK,Undirected,3069,,,2
EDMURE,HOSTER,Undirected,3070,,,2
EDMURE,SON_OF_EDMURE,Undirected,3071,,,2
ELLARIA,MAESTER_DORNE,Undirected,3072,,,2
FLYNN,LEM,Undirected,3076,,,2
FLYNN,MORGAN,Undirected,3077,,,2
FLYNN,RAY,Undirected,3078,,,2
GLOVER,ROBB,Undirected,3079,,,2
GLOVER,ROBETT,Undirected,3080,,,2
GREY_WORM,THEON,Undirected,3081,,,9
GREY_WORM,YARA,Undirected,3082,,,7
HARALD,LYANNA_MORMONT,Undirected,3083,,,2
HODOR,OLD_NAN,Undirected,3084,,,2
IZEMBARO,ROBERT,Undirected,3085,,,2
IZEMBARO,SANSA,Undirected,3086,,,2
IZEMBARO,TYRION,Undirected,3087,,,2
JORAH,KHAL_MORO,Undirected,3092,,,2
LADY_CRANE,MARGAERY,Undirected,3095,,,2
LADY_CRANE,ROBERT,Undirected,3096,,,2
LADY_CRANE,TYWIN,Undirected,3097,,,2
LADY_CRANE,WAIF,Undirected,3098,,,2
LANCEL,MACE,Undirected,3099,,,2
LANCEL,QYBURN,Undirected,3100,,,2
LANCEL,SEPTA_UNELLA,Undirected,3101,,,2
LEM,MORGAN,Undirected,3102,,,2
LITTLE_SAM,RANDYLL,Undirected,3103,,,2
LITTLEFINGER,SMALLJON,Undirected,3105,,,2
LITTLEFINGER,WUN_WUN,Undirected,3106,,,2
LYANNA_MORMONT,MANDERLY,Undirected,3107,,,2
LYANNA_MORMONT,SMALLJON,Undirected,3108,,,2
MAESTER_DORNE,TYENE,Undirected,3110,,,2
MEERA,OLD_NAN,Undirected,3114,,,2
MELISANDRE,OTHELL_YARWYCK,Undirected,3116,,,2
MELISANDRE,PODRICK,Undirected,3117,,,2
MELISANDRE,RAMSAY,Undirected,3118,,,2
MISSANDEI,THEON,Undirected,3119,,,12
MISSANDEI,YARA,Undirected,3120,,,4
MORGAN,RAY,Undirected,3121,,,2
NED,ROBETT,Undirected,3124,,,2
OLD_NAN,THREE_EYED_RAVEN,Undirected,3129,,,2
OLLY,OTHELL_YARWYCK,Undirected,3130,,,2
OSHA,SMALLJON,Undirected,3131,,,2
OTHELL_YARWYCK,TORMUND,Undirected,3132,,,2
QYBURN,VARYS,Undirected,3133,,,2
RICKON,WUN_WUN,Undirected,3135,,,2
VARYS,YARA,Undirected,3143,,,4
VARYS,YEZZAN,Undirected,3144,,,2
DAENERYS,JON,Undirected,3146,,,372
MARWYN,SAM,Undirected,3154,,,78
JON,JORAH,Undirected,3158,,,70
HOUND,TORMUND,Undirected,3160,,,79
DAVOS,TYRION,Undirected,3163,,,118
BERIC,JON,Undirected,3167,,,49
CERSEI,EURON,Undirected,3168,,,78
CERSEI,TYCHO,Undirected,3169,,,37
JON,MISSANDEI,Undirected,3171,,,47
CERSEI,DAENERYS,Undirected,3177,,,69
DAENERYS,DAVOS,Undirected,3179,,,50
JAIME,RANDYLL,Undirected,3180,,,33
DAVOS,MISSANDEI,Undirected,3181,,,35
GENDRY,JON,Undirected,3185,,,37
BERIC,TORMUND,Undirected,3187,,,51
HOUND,JON,Undirected,3188,,,31
JORAH,SAM,Undirected,3189,,,53
EURON,JAIME,Undirected,3190,,,43
HOUND,JORAH,Undirected,3191,,,35
ELLARIA,YARA,Undirected,3194,,,25
DICKON,JAIME,Undirected,3198,,,24
HARRAG,THEON,Undirected,3199,,,24
JORAH,TORMUND,Undirected,3200,,,42
JAIME,MOUNTAIN,Undirected,3202,,,23
MELISANDRE,VARYS,Undirected,3210,,,21
DAENERYS,JAIME,Undirected,3212,,,43
BRAN,LITTLEFINGER,Undirected,3216,,,19
JORAH,THOROS,Undirected,3219,,,19
BERIC,JORAH,Undirected,3220,,,31
JON,VARYS,Undirected,3225,,,67
SANSA,MAESTER_WOLKAN,Undirected,3228,,,29
DAENERYS,OLENNA,Undirected,3229,,,16
JORAH,MARWYN,Undirected,3230,,,16
CERSEI,TYENE,Undirected,3231,,,15
GENDRY,TORMUND,Undirected,3233,,,34
DAENERYS,RANDYLL,Undirected,3235,,,17
DAVOS,JORAH,Undirected,3236,,,18
DAENERYS,MELISANDRE,Undirected,3242,,,13
GENDRY,JORAH,Undirected,3243,,,21
DAVOS,THEON,Undirected,3244,,,15
JON,THOROS,Undirected,3245,,,12
BRONN,DICKON,Undirected,3249,,,11
LITTLEFINGER,MAESTER_WOLKAN,Undirected,3250,,,11
LYANNA_MORMONT,ROBETT,Undirected,3252,,,11
THOROS,TORMUND,Undirected,3253,,,11
DAENERYS,DICKON,Undirected,3255,,,12
DAENERYS,NIGHT_KING,Undirected,3256,,,20
DAVOS,VARYS,Undirected,3257,,,24
EURON,MOUNTAIN,Undirected,3266,,,15
BERIC,NIGHT_KING,Undirected,3270,,,10
BRONN,DAENERYS,Undirected,3272,,,10
BRONN,RANDYLL,Undirected,3274,,,8
ELLARIA,THEON,Undirected,3275,,,8
EURON,TYRION,Undirected,3276,,,12
ROBETT,YOHN_ROYCE,Undirected,3278,,,8
BRAN,MAESTER_WOLKAN,Undirected,3281,,,11
DAENERYS,EURON,Undirected,3283,,,17
JORAH,THEON,Undirected,3288,,,10
LYANNA,RHAEGAR,Undirected,3289,,,11
RANDYLL,TYRION,Undirected,3293,,,7
ARYA,YOHN_ROYCE,Undirected,3296,,,10
CERSEI,RANDYLL,Undirected,3298,,,6
DAENERYS,HOUND,Undirected,3299,,,13
ELLARIA,QYBURN,Undirected,3301,,,6
EURON,TYENE,Undirected,3302,,,6
LITTLEFINGER,ROBETT,Undirected,3310,,,6
LYANNA_MORMONT,YOHN_ROYCE,Undirected,3311,,,10
NIGHT_KING,TORMUND,Undirected,3312,,,6
TYENE,YARA,Undirected,3314,,,6
AERYS,JON,Undirected,3316,,,7
ALYS,NED_UMBER,Undirected,3317,,,5
ARYA,MAESTER_WOLKAN,Undirected,3320,,,9
DAENERYS,TORMUND,Undirected,3326,,,21
DAVOS,HOUND,Undirected,3327,,,8
ELLARIA,EURON,Undirected,3328,,,5
EURON,JON,Undirected,3329,,,5
HOUND,NIGHT_KING,Undirected,3331,,,5
JON,MAESTER_WOLKAN,Undirected,3334,,,11
JON,MOUNTAIN,Undirected,3335,,,5
JON,YOHN_ROYCE,Undirected,3337,,,9
QYBURN,TYENE,Undirected,3340,,,5
ARYA,ROBETT,Undirected,3342,,,4
BERIC,DAENERYS,Undirected,3343,,,8
BRAN,EDDISON_TOLLETT,Undirected,3344,,,4
BRAN,RHAEGAR,Undirected,3346,,,4
BRIENNE,LYANNA_MORMONT,Undirected,3349,,,11
BRIENNE,ROBETT,Undirected,3350,,,4
BRIENNE,YOHN_ROYCE,Undirected,3352,,,10
CERSEI,THEON,Undirected,3357,,,4
DAVOS,PODRICK,Undirected,3359,,,13
DICKON,TYRION,Undirected,3360,,,4
EDDISON_TOLLETT,MEERA,Undirected,3361,,,4
EURON,NYMERIA,Undirected,3363,,,4
EURON,OBARA,Undirected,3364,,,4
EURON,QYBURN,Undirected,3365,,,10
GENDRY,TYRION,Undirected,3366,,,10
HOUND,THEON,Undirected,3368,,,4
JEOR,JORAH,Undirected,3371,,,4
JON,LYANNA,Undirected,3374,,,13
JON,NED_UMBER,Undirected,3376,,,4
JON,QYBURN,Undirected,3377,,,4
JORAH,NIGHT_KING,Undirected,3378,,,4
LITTLEFINGER,LYANNA_MORMONT,Undirected,3379,,,4
MAESTER_WOLKAN,YOHN_ROYCE,Undirected,3383,,,8
MELISANDRE,TYRION,Undirected,3384,,,4
MOUNTAIN,TYENE,Undirected,3386,,,4
NYMERIA,YARA,Undirected,3388,,,4
OBARA,YARA,Undirected,3389,,,4
OLENNA,RANDYLL,Undirected,3390,,,4
QYBURN,TYRION,Undirected,3393,,,23
AEGON,DAENERYS,Undirected,3395,,,5
AERYS,VARYS,Undirected,3396,,,3
ALYS,JON,Undirected,3397,,,8
ARYA,LYANNA_MORMONT,Undirected,3398,,,7
BALERION,QYBURN,Undirected,3401,,,3
BERIC,DAVOS,Undirected,3402,,,7
BRAN,DAENERYS,Undirected,3403,,,19
BRAN,YOHN_ROYCE,Undirected,3404,,,9
BRIENNE,MOUNTAIN,Undirected,3405,,,3
BRIENNE,QYBURN,Undirected,3406,,,3
BRONN,DAVOS,Undirected,3408,,,13
BRONN,JON,Undirected,3410,,,3
DAENERYS,ELLARIA,Undirected,3414,,,3
DAVOS,EURON,Undirected,3418,,,3
DAVOS,JAIME,Undirected,3419,,,13
DAVOS,NIGHT_KING,Undirected,3421,,,3
HARRAG,YARA,Undirected,3425,,,3
HOUND,QYBURN,Undirected,3428,,,7
LITTLEFINGER,MEERA,Undirected,3434,,,3
MOUNTAIN,THEON,Undirected,3436,,,3
THEON,TYENE,Undirected,3442,,,3
AERYS,OLENNA,Undirected,3446,,,2
BALERION,CERSEI,Undirected,3449,,,2
BRAN,BRIENNE,Undirected,3451,,,13
BRAN,PODRICK,Undirected,3453,,,5
BRIENNE,EURON,Undirected,3455,,,2
BRIENNE,JORAH,Undirected,3457,,,15
BRIENNE,QHONO,Undirected,3458,,,6
BRIENNE,VARYS,Undirected,3459,,,11
BRONN,GREY_WORM,Undirected,3460,,,2
BRONN,JORAH,Undirected,3461,,,2
BRONN,THEON,Undirected,3463,,,2
CERSEI,NIGHT_KING,Undirected,3466,,,2
CERSEI,YARA,Undirected,3469,,,2
DAENERYS,GENDRY,Undirected,3471,,,23
DAENERYS,LITTLEFINGER,Undirected,3472,,,2
DAENERYS,MOUNTAIN,Undirected,3473,,,6
DAENERYS,QYBURN,Undirected,3474,,,6
DAENERYS,TYWIN,Undirected,3476,,,4
DAVOS,GREY_WORM,Undirected,3477,,,29
DAVOS,MOUNTAIN,Undirected,3478,,,2
DAVOS,QYBURN,Undirected,3479,,,2
DAVOS,YOHN_ROYCE,Undirected,3481,,,8
DICKON,OLENNA,Undirected,3482,,,2
DROGO,JON,Undirected,3484,,,2
ELLARIA,GREY_WORM,Undirected,3486,,,2
ELLARIA,MISSANDEI,Undirected,3488,,,2
EURON,HOUND,Undirected,3491,,,2
GREY_WORM,JAIME,Undirected,3493,,,21
GREY_WORM,JON,Undirected,3494,,,52
GREY_WORM,MELISANDRE,Undirected,3496,,,7
GREY_WORM,OLENNA,Undirected,3497,,,2
HIGH_SEPTON,SAM,Undirected,3499,,,2
HOT_PIE,JON,Undirected,3500,,,2
HOUND,MISSANDEI,Undirected,3501,,,2
HOUND,QHONO,Undirected,3502,,,2
HOUND,WHITE_WALKER,Undirected,3503,,,2
HOWLAND,MEERA,Undirected,3504,,,2
JON,WHITE_WALKER,Undirected,3514,,,2
JON_ARRYN,SANSA,Undirected,3516,,,2
JORAH,PODRICK,Undirected,3517,,,6
JORAH,WHITE_WALKER,Undirected,3518,,,2
LYANNA_MORMONT,PODRICK,Undirected,3519,,,2
MARWYN,MAESTER_WOLKAN,Undirected,3522,,,2
MARWYN,ROBERT,Undirected,3523,,,2
MARWYN,SHIREEN,Undirected,3524,,,2
MELISANDRE,MISSANDEI,Undirected,3526,,,2
MISSANDEI,OLENNA,Undirected,3528,,,2
MOUNTAIN,MYRCELLA,Undirected,3530,,,2
MOUNTAIN,RANDYLL,Undirected,3531,,,2
NIGHT_KING,TYRION,Undirected,3534,,,2
NYMERIA,THEON,Undirected,3535,,,2
OBARA,THEON,Undirected,3536,,,2
OLENNA,THEON,Undirected,3537,,,2
OLENNA,YARA,Undirected,3539,,,2
PODRICK,QHONO,Undirected,3540,,,2
PODRICK,ROBETT,Undirected,3541,,,2
PODRICK,YOHN_ROYCE,Undirected,3544,,,2
QHONO,TYRION,Undirected,3545,,,6
QYBURN,RANDYLL,Undirected,3546,,,2
QYBURN,THEON,Undirected,3547,,,2
ROBERT,SAM,Undirected,3550,,,4
ROBETT,TORMUND,Undirected,3552,,,2
TORMUND,WHITE_WALKER,Undirected,3554,,,2
TORMUND,YOHN_ROYCE,Undirected,3555,,,4
JAIME,TORMUND,Undirected,3585,,,38
DAENERYS,SAM,Undirected,3600,,,26
SAM,TYRION,Undirected,3607,,,24
BRIENNE,GREY_WORM,Undirected,3609,,,23
BRIENNE,SAM,Undirected,3610,,,23
GREY_WORM,SAM,Undirected,3613,,,23
GREY_WORM,TORMUND,Undirected,3614,,,23
ARYA,DAVOS,Undirected,3615,,,22
ARYA,NORA,Undirected,3616,,,22
NORA,VICKY,Undirected,3618,,,22
ARYA,DAENERYS,Undirected,3621,,,21
BRONN,QYBURN,Undirected,3624,,,20
JAIME,SAM,Undirected,3629,,,19
TORMUND,TYRION,Undirected,3632,,,19
GREY_WORM,SANSA,Undirected,3635,,,18
GENDRY,SAM,Undirected,3642,,,17
JORAH,LYANNA_MORMONT,Undirected,3643,,,17
GENDRY,GREY_WORM,Undirected,3647,,,16
BERIC,SAM,Undirected,3648,,,15
BRAN,GREY_WORM,Undirected,3649,,,15
ARYA,VICKY,Undirected,3652,,,14
JAIME,JORAH,Undirected,3656,,,14
MISSANDEI,SANSA,Undirected,3658,,,14
ARYA,GREY_WORM,Undirected,3660,,,13
BRIENNE,GENDRY,Undirected,3663,,,13
GENDRY,JAIME,Undirected,3667,,,13
LYANNA_MORMONT,SAM,Undirected,3668,,,13
BERIC,GREY_WORM,Undirected,3669,,,12
CRAYAH,DIRAH,Undirected,3670,,,12
SAM,SANSA,Undirected,3672,,,12
BRIENNE,DAENERYS,Undirected,3676,,,11
CERSEI,HARRY,Undirected,3678,,,11
JORAH,MELISANDRE,Undirected,3686,,,11
MARTHA,VARYS,Undirected,3687,,,11
ARYA,SAM,Undirected,3689,,,10
BERIC,BRIENNE,Undirected,3690,,,10
DAENERYS,MAESTER_WOLKAN,Undirected,3693,,,10
JAIME,LYANNA_MORMONT,Undirected,3698,,,10
JORAH,SANSA,Undirected,3699,,,10
BERIC,EDDISON_TOLLETT,Undirected,3702,,,9
BERIC,JAIME,Undirected,3703,,,9
BRAN,DAVOS,Undirected,3704,,,9
CERSEI,MISSANDEI,Undirected,3706,,,9
TYRION,MAESTER_WOLKAN,Undirected,3713,,,9
TYRION,YOHN_ROYCE,Undirected,3714,,,9
ALYS,TYRION,Undirected,3715,,,8
BRAN,VARYS,Undirected,3717,,,8
BRONN,SAM,Undirected,3718,,,8
GENDRY,PODRICK,Undirected,3722,,,8
GILLY,SANSA,Undirected,3723,,,8
GILLY,TYRION,Undirected,3724,,,8
GILLY,VARYS,Undirected,3725,,,8
HOUND,MELISANDRE,Undirected,3726,,,8
HOUND,SAM,Undirected,3727,,,8
NIGHT_KING,THEON,Undirected,3728,,,8
PODRICK,SAM,Undirected,3729,,,8
ARYA,TORMUND,Undirected,3731,,,7
BRONN,CRAYAH,Undirected,3735,,,7
DAENERYS,LYANNA_MORMONT,Undirected,3737,,,7
GREY_WORM,LYANNA_MORMONT,Undirected,3739,,,7
GREY_WORM,PODRICK,Undirected,3740,,,7
JON,RHAEGAR,Undirected,3743,,,7
LYANNA_MORMONT,TYRION,Undirected,3745,,,7
ALYS,DAVOS,Undirected,3746,,,6
ALYS,VARYS,Undirected,3747,,,6
BRAN,JORAH,Undirected,3751,,,6
BRAN,MISSANDEI,Undirected,3752,,,6
BRIENNE,MAESTER_WOLKAN,Undirected,3754,,,6
BRIENNE,MISSANDEI,Undirected,3755,,,6
DAENERYS,YOHN_ROYCE,Undirected,3758,,,6
DAVOS,GILLY,Undirected,3760,,,6
DAVOS,MAESTER_WOLKAN,Undirected,3761,,,6
GREY_WORM,HOUND,Undirected,3766,,,6
GREY_WORM,QHONO,Undirected,3767,,,6
LITTLE_SAM,SANSA,Undirected,3769,,,6
LITTLE_SAM,TYRION,Undirected,3770,,,6
LITTLE_SAM,VARYS,Undirected,3771,,,6
QHONO,SAM,Undirected,3773,,,6
SAM,VARYS,Undirected,3774,,,6
SAM,YOHN_ROYCE,Undirected,3775,,,6
TORMUND,VARYS,Undirected,3776,,,6
ALYS,BRAN,Undirected,3777,,,5
ALYS,DAENERYS,Undirected,3778,,,5
ALYS,GREY_WORM,Undirected,3779,,,5
ALYS,JORAH,Undirected,3781,,,5
ALYS,LYANNA_MORMONT,Undirected,3782,,,5
ALYS,SANSA,Undirected,3783,,,5
ARYA,JORAH,Undirected,3785,,,5
ARYA,MISSANDEI,Undirected,3786,,,5
BRAN,LYANNA_MORMONT,Undirected,3787,,,5
BRONN,DIRAH,Undirected,3789,,,5
BRONN,MAREI,Undirected,3790,,,5
CERSEI,GREY_WORM,Undirected,3791,,,5
EDMURE,SANSA,Undirected,3792,,,5
GENDRY,SANSA,Undirected,3794,,,5
GREY_WORM,YOHN_ROYCE,Undirected,3797,,,5
LYANNA_MORMONT,VARYS,Undirected,3799,,,5
MISSANDEI,MOUNTAIN,Undirected,3801,,,5
SAM,MAESTER_WOLKAN,Undirected,3802,,,5
TORMUND,WILLA,Undirected,3804,,,5
VARYS,MAESTER_WOLKAN,Undirected,3806,,,5
ALYS,BRIENNE,Undirected,3807,,,4
ALYS,JAIME,Undirected,3808,,,4
ALYS,SAM,Undirected,3809,,,4
ALYS,THEON,Undirected,3810,,,4
ALYS,YOHN_ROYCE,Undirected,3811,,,4
ARYA,OWEN,Undirected,3814,,,4
ARYA,QHONO,Undirected,3815,,,4
ARYA,THEON,Undirected,3816,,,4
BERIC,LYANNA_MORMONT,Undirected,3820,,,4
BERIC,SANSA,Undirected,3821,,,4
BRAN,GENDRY,Undirected,3822,,,4
BRAN,QHONO,Undirected,3824,,,4
DAENERYS,PODRICK,Undirected,3829,,,4
DAENERYS,QHONO,Undirected,3830,,,4
DAVOS,QHONO,Undirected,3836,,,4
DAVOS,TEELA,Undirected,3837,,,4
DORNISH_PRINCE,YARA,Undirected,3838,,,4
EDDISON_TOLLETT,GREY_WORM,Undirected,3839,,,4
EDDISON_TOLLETT,JORAH,Undirected,3840,,,4
EDMURE,YOHN_ROYCE,Undirected,3841,,,4
EURON,HARRY,Undirected,3842,,,4
EURON,MISSANDEI,Undirected,3843,,,4
GILLY,MISSANDEI,Undirected,3845,,,4
GREY_WORM,MAESTER_WOLKAN,Undirected,3846,,,4
HOUND,NORA,Undirected,3848,,,4
JAIME,QHONO,Undirected,3851,,,4
JAIME,YOHN_ROYCE,Undirected,3852,,,4
JON,QHONO,Undirected,3853,,,4
JORAH,QHONO,Undirected,3858,,,4
JORAH,YOHN_ROYCE,Undirected,3859,,,4
LYANNA_MORMONT,QHONO,Undirected,3862,,,4
LYANNA_MORMONT,THEON,Undirected,3863,,,4
MISSANDEI,SAM,Undirected,3866,,,4
QHONO,SANSA,Undirected,3867,,,4
QHONO,TORMUND,Undirected,3868,,,4
QHONO,VARYS,Undirected,3870,,,4
ROBIN,MAESTER_WOLKAN,Undirected,3871,,,4
SAM,THEON,Undirected,3872,,,4
SANSA,YARA,Undirected,3873,,,4
VARYS,YOHN_ROYCE,Undirected,3874,,,4
ALYS,ARYA,Undirected,3875,,,3
ALYS,MAESTER_WOLKAN,Undirected,3876,,,3
ALYS,TORMUND,Undirected,3877,,,3
ARYA,NIGHT_KING,Undirected,3879,,,3
ARYA,YARA,Undirected,3880,,,3
BERIC,BRAN,Undirected,3881,,,3
BERIC,NED_UMBER,Undirected,3882,,,3
BERIC,THEON,Undirected,3883,,,3
BERIC,TYRION,Undirected,3884,,,3
BERIC,VARYS,Undirected,3885,,,3
BRAN,BRONN,Undirected,3886,,,3
CRAYAH,MAREI,Undirected,3893,,,3
CRAYAH,QYBURN,Undirected,3894,,,3
DIRAH,MAREI,Undirected,3899,,,3
DORNISH_PRINCE,ROBIN,Undirected,3900,,,3
EDDISON_TOLLETT,GENDRY,Undirected,3901,,,3
EDDISON_TOLLETT,HOUND,Undirected,3902,,,3
EDDISON_TOLLETT,JAIME,Undirected,3903,,,3
EDMURE,MAESTER_WOLKAN,Undirected,3904,,,3
EDMURE,RIVERLANDS_LORD,Undirected,3905,,,3
EDMURE,ROBIN,Undirected,3906,,,3
EDMURE,SAM,Undirected,3907,,,3
EDMURE,TYRION,Undirected,3908,,,3
GENDRY,VALE_LORD,Undirected,3909,,,3
GENDRY,YOHN_ROYCE,Undirected,3910,,,3
GREY_WORM,MOUNTAIN,Undirected,3911,,,3
GREY_WORM,UNSULLIED_CAPTAIN,Undirected,3913,,,3
HOUND,SARRA,Undirected,3915,,,3
HOUND,VICKY,Undirected,3916,,,3
IRONBORN_LORD,VALE_LORD,Undirected,3917,,,3
IRONBORN_LORD,YARA,Undirected,3918,,,3
JAIME,MISSANDEI,Undirected,3919,,,3
LYANNA,VARYS,Undirected,3922,,,3
LYANNA_MORMONT,MISSANDEI,Undirected,3923,,,3
MISSANDEI,QYBURN,Undirected,3925,,,3
NED,RHAEGAR,Undirected,3927,,,3
NED_UMBER,SANSA,Undirected,3929,,,3
RHAEGAR,VARYS,Undirected,3931,,,3
RIVERLANDS_LORD,YOHN_ROYCE,Undirected,3932,,,3
ROBIN,SAM,Undirected,3933,,,3
THEON,TORMUND,Undirected,3936,,,3
ALANNA,OWEN,Undirected,3941,,,2
ALYS,BERIC,Undirected,3943,,,2
ALYS,GENDRY,Undirected,3944,,,2
ALYS,MISSANDEI,Undirected,3945,,,2
ALYS,QHONO,Undirected,3946,,,2
ARYA,DORNISH_PRINCE,Undirected,3947,,,2
ARYA,EDDISON_TOLLETT,Undirected,3948,,,2
ARYA,EDMURE,Undirected,3949,,,2
ARYA,IRONBORN_LORD,Undirected,3950,,,2
ARYA,RIVERLANDS_LORD,Undirected,3953,,,2
ARYA,ROBIN,Undirected,3954,,,2
ARYA,VALE_LORD,Undirected,3955,,,2
BERIC,GILLY,Undirected,3956,,,2
BERIC,PODRICK,Undirected,3958,,,2
BERIC,QHONO,Undirected,3959,,,2
BERIC,TEELA,Undirected,3960,,,2
BERIC,YOHN_ROYCE,Undirected,3961,,,2
BRAN,DORNISH_PRINCE,Undirected,3962,,,2
BRAN,EDMURE,Undirected,3963,,,2
BRAN,IRONBORN_LORD,Undirected,3964,,,2
BRAN,RIVERLANDS_LORD,Undirected,3965,,,2
BRAN,ROBIN,Undirected,3966,,,2
BRAN,VALE_LORD,Undirected,3967,,,2
BRAN,YARA,Undirected,3968,,,2
BRIENNE,DORNISH_PRINCE,Undirected,3970,,,2
BRIENNE,EDMURE,Undirected,3971,,,2
BRIENNE,IRONBORN_LORD,Undirected,3972,,,2
BRIENNE,RIVERLANDS_LORD,Undirected,3973,,,2
BRIENNE,ROBIN,Undirected,3974,,,2
BRIENNE,VALE_LORD,Undirected,3976,,,2
BRIENNE,YARA,Undirected,3977,,,2
CERSEI,CERSEIS_BABY,Undirected,3980,,,2
CERSEIS_BABY,JAIME,Undirected,3982,,,2
CERSEIS_BABY,TYRION,Undirected,3983,,,2
CRAYAH,WILLIAM,Undirected,3984,,,2
DAENERYS,EDDISON_TOLLETT,Undirected,3986,,,2
DAENERYS,LYANNA,Undirected,3987,,,2
DAENERYS,NED_UMBER,Undirected,3988,,,2
DAVOS,DORNISH_PRINCE,Undirected,3991,,,2
DAVOS,EDMURE,Undirected,3993,,,2
DAVOS,HARRY,Undirected,3994,,,2
DAVOS,IRONBORN_LORD,Undirected,3995,,,2
DAVOS,RIVERLANDS_LORD,Undirected,3996,,,2
DAVOS,ROBIN,Undirected,3997,,,2
DAVOS,VALE_LORD,Undirected,3998,,,2
DAVOS,YARA,Undirected,3999,,,2
DORNISH_PRINCE,EDMURE,Undirected,4002,,,2
DORNISH_PRINCE,GENDRY,Undirected,4003,,,2
DORNISH_PRINCE,GREY_WORM,Undirected,4004,,,2
DORNISH_PRINCE,IRONBORN_LORD,Undirected,4005,,,2
DORNISH_PRINCE,MAESTER_WOLKAN,Undirected,4006,,,2
DORNISH_PRINCE,RIVERLANDS_LORD,Undirected,4007,,,2
DORNISH_PRINCE,SAM,Undirected,4008,,,2
DORNISH_PRINCE,SANSA,Undirected,4009,,,2
DORNISH_PRINCE,TYRION,Undirected,4010,,,2
DORNISH_PRINCE,VALE_LORD,Undirected,4011,,,2
DORNISH_PRINCE,YOHN_ROYCE,Undirected,4012,,,2
EDDISON_TOLLETT,LYANNA_MORMONT,Undirected,4014,,,2
EDDISON_TOLLETT,NED_UMBER,Undirected,4015,,,2
EDDISON_TOLLETT,TEELA,Undirected,4017,,,2
EDMURE,GENDRY,Undirected,4018,,,2
EDMURE,GREY_WORM,Undirected,4019,,,2
EDMURE,IRONBORN_LORD,Undirected,4020,,,2
EDMURE,VALE_LORD,Undirected,4021,,,2
EDMURE,YARA,Undirected,4022,,,2
EURON,GREY_WORM,Undirected,4023,,,2
EURON,VARYS,Undirected,4025,,,2
GENDRY,IRONBORN_LORD,Undirected,4026,,,2
GENDRY,LYANNA_MORMONT,Undirected,4027,,,2
GENDRY,MAESTER_WOLKAN,Undirected,4028,,,2
GENDRY,QHONO,Undirected,4029,,,2
GENDRY,RIVERLANDS_LORD,Undirected,4030,,,2
GENDRY,ROBIN,Undirected,4031,,,2
GENDRY,YARA,Undirected,4032,,,2
GILLY,PODRICK,Undirected,4033,,,2
GILLY,TEELA,Undirected,4034,,,2
GREY_WORM,HARRY,Undirected,4035,,,2
GREY_WORM,IRONBORN_LORD,Undirected,4036,,,2
GREY_WORM,RIVERLANDS_LORD,Undirected,4037,,,2
GREY_WORM,ROBIN,Undirected,4038,,,2
GREY_WORM,VALE_LORD,Undirected,4039,,,2
HARRY,JON,Undirected,4040,,,2
HOUND,WILLA,Undirected,4042,,,2
IRONBORN_LORD,MAESTER_WOLKAN,Undirected,4043,,,2
IRONBORN_LORD,RIVERLANDS_LORD,Undirected,4044,,,2
IRONBORN_LORD,ROBIN,Undirected,4045,,,2
IRONBORN_LORD,SAM,Undirected,4046,,,2
IRONBORN_LORD,SANSA,Undirected,4047,,,2
IRONBORN_LORD,TYRION,Undirected,4048,,,2
IRONBORN_LORD,YOHN_ROYCE,Undirected,4049,,,2
JAIME,MAESTER_WOLKAN,Undirected,4050,,,2
JON,TEELA,Undirected,4056,,,2
JON,UNSULLIED_CAPTAIN,Undirected,4057,,,2
LITTLE_SAM,MISSANDEI,Undirected,4058,,,2
LITTLE_SAM,PODRICK,Undirected,4059,,,2
LYANNA,SAM,Undirected,4063,,,2
MAESTER_WOLKAN,YARA,Undirected,4064,,,2
MELISANDRE,QHONO,Undirected,4065,,,2
MISSANDEI,MAESTER_WOLKAN,Undirected,4066,,,2
MISSANDEI,PODRICK,Undirected,4067,,,2
MISSANDEI,QHONO,Undirected,4068,,,2
MISSANDEI,YOHN_ROYCE,Undirected,4069,,,2
MOUNTAIN,VARYS,Undirected,4070,,,2
NED_UMBER,TORMUND,Undirected,4073,,,2
QHONO,MAESTER_WOLKAN,Undirected,4077,,,2
QHONO,THEON,Undirected,4078,,,2
QHONO,YOHN_ROYCE,Undirected,4079,,,2
RHAEGAR,SAM,Undirected,4080,,,2
RIVERLANDS_LORD,MAESTER_WOLKAN,Undirected,4081,,,2
RIVERLANDS_LORD,ROBIN,Undirected,4082,,,2
RIVERLANDS_LORD,SAM,Undirected,4083,,,2
RIVERLANDS_LORD,SANSA,Undirected,4084,,,2
RIVERLANDS_LORD,TYRION,Undirected,4085,,,2
RIVERLANDS_LORD,VALE_LORD,Undirected,4086,,,2
RIVERLANDS_LORD,YARA,Undirected,4087,,,2
ROBIN,VALE_LORD,Undirected,4090,,,2
ROBIN,YARA,Undirected,4091,,,2
SAM,TEELA,Undirected,4092,,,2
SAM,VALE_LORD,Undirected,4093,,,2
SAM,YARA,Undirected,4094,,,2
SANSA,SARRA,Undirected,4095,,,2
SANSA,VALE_LORD,Undirected,4096,,,2
SANSA,WILLA,Undirected,4097,,,2
SARRA,TORMUND,Undirected,4098,,,2
SARRA,WILLA,Undirected,4099,,,2
TEELA,TORMUND,Undirected,4100,,,2
THEON,MAESTER_WOLKAN,Undirected,4101,,,2
THEON,YOHN_ROYCE,Undirected,4102,,,2
TYRION,VALE_LORD,Undirected,4104,,,2
VALE_LORD,MAESTER_WOLKAN,Undirected,4106,,,2
VALE_LORD,YARA,Undirected,4107,,,2
VALE_LORD,YOHN_ROYCE,Undirected,4108,,,2
YARA,YOHN_ROYCE,Undirected,4109,,,2
