Source,Target,Weight
NED,ROBERT,192
DAENERYS,JORAH,154
JON,SAM,121
LITTLEFINGER,NED,107
NED,VARYS,96
DAENERYS,DROGO,91
ARYA,NED,90
CATELYN,ROBB,90
BRONN,TYRION,86
CERSEI,NED,86
CERSEI,ROBERT,80
LITTLEFINGER,VARYS,73
SHAE,TYRION,73
CATELYN,NED,69
JOFFREY,SANSA,69
NED,PYCELLE,68
DAENERYS,VISERYS,66
SANSA,SEPTA_MORDANE,64
TYRION,TYWIN,61
JEOR,JON,60
ROBB,THEON,60
CERSEI,JOFFREY,54
ARYA,SANSA,53
BRAN,MAESTER_LUWIN,53
JAIME,NED,53
NED,SANSA,49
BRAN,ROBB,48
LORAS,RENLY,47
CERSEI,JAIME,46
DAENERYS,MIRRI_MAZ_DUUR,45
JON,TYRION,45
ARYA,SYRIO_FOREL,44
JORY_CASSEL,NED,44
JORAH,VISERYS,43
JON,PYP,42
CATELYN,TYRION,41
ROS,THEON,40
JOFFREY,NED,39
CERSEI,SANSA,36
GRENN,PYP,36
CATELYN,WALDER,34
DAENERYS,DOREAH,34
JAIME,TYRION,34
JAIME,TYWIN,34
BENJEN,JON,33
DAENERYS,IRRI,32
GREATJON_UMBER,ROBB,31
MORD,TYRION,31
CATELYN,LYSA,30
DOREAH,VISERYS,30
JORAH,RAKHARO,30
LYSA,ROBIN,30
LYSA,TYRION,30
NED,RENLY,30
PYP,SAM,30
RENLY,ROBERT,30
BRAN,NED,29
BRAN,OSHA,29
JON,NED,29
BRAN,CATELYN,28
CATELYN,JAIME,28
CATELYN,RODRIK,28
DAENERYS,QOTHO,28
JOFFREY,ROBERT,28
JON,MAESTER_AEMON,28
DROGO,VISERYS,27
JAIME,JORY_CASSEL,27
BRAN,THEON,26
CATELYN,LITTLEFINGER,26
CATELYN,MAESTER_LUWIN,26
BARRISTAN,NED,25
ILLYRIO,VISERYS,25
JON,ROBB,25
OSHA,THEON,25
ARYA,JOFFREY,24
GRENN,JON,24
NED,ROBB,23
BARRISTAN,ROBERT,22
CATELYN,CERSEI,22
LITTLEFINGER,SANSA,22
SHAGGA,TYRION,22
TYRION,YOREN,22
ALLISER_THORNE,JON,20
ARYA,JON,20
DROGO,JORAH,20
JAIME,ROBERT,20
BRAN,JON,19
DAENERYS,WINE_MERCHANT,19
HOUND,SANSA,19
LITTLEFINGER,PYCELLE,19
LITTLEFINGER,ROS,19
THEON,TYRION,19
ALLISER_THORNE,SAM,18
ARYA,YOREN,18
CERSEI,TYRION,18
BENJEN,TYRION,17
DAENERYS,RAKHARO,17
JEOR,SAM,17
LITTLEFINGER,RENLY,17
MAESTER_LUWIN,ROBB,17
ROBERT,SANSA,17
ROS,TYRION,17
CATELYN,THEON,16
GRENN,SAM,16
HOUND,JOFFREY,16
ROBB,TYRION,16
BRAN,TYRION,15
CATELYN,ROBERT,15
JEOR,TYRION,15
JOFFREY,TYRION,15
JOFFREY,VARYS,15
LANCEL,ROBERT,15
MIRRI_MAZ_DUUR,QOTHO,15
NED,YOREN,15
PYCELLE,VARYS,15
BENJEN,NED,14
BRAN,RICKON,14
CATELYN,JON,14
CATELYN,SANSA,14
JOFFREY,MARILLION,14
KEVAN,TYRION,14
LITTLEFINGER,ROBERT,14
BARRISTAN,CERSEI,13
CATELYN,VARDIS_EGEN,13
CERSEI,VARYS,13
DAENERYS,RHAEGO,13
JANOS,NED,13
JOFFREY,PYCELLE,13
MAESTER_LUWIN,THEON,13
NED,THEON,13
PYCELLE,SANSA,13
GENDRY,NED,12
HOT_PIE,LOMMY_GREENHANDS,12
JOFFREY,LITTLEFINGER,12
JOFFREY,MERYN_TRANT,12
JOFFREY,ROBB,12
JON_ARRYN,NED,12
KEVAN,TYWIN,12
MAESTER_LUWIN,OSHA,12
ARYA,SEPTA_MORDANE,11
BRAN,HODOR,11
BRONN,SHAE,11
CATELYN,GREATJON_UMBER,11
CATELYN,VARYS,11
GREATJON_UMBER,THEON,11
IRRI,RAKHARO,11
MERYN_TRANT,SYRIO_FOREL,11
NED,TYRION,11
NED,TYWIN,11
PYCELLE,ROBERT,11
RENLY,STANNIS,11
ROBB,RODRIK,11
ROBERT,VARYS,11
ALLISER_THORNE,PYP,10
ARYA,ROBERT,10
CATELYN,ROBIN,10
DAENERYS,ILLYRIO,10
DROGO,MAGO,10
HOUND,NED,10
HOUND,TYRION,10
JAIME,JON,10
JAIME,ROBB,10
JEOR,PYP,10
JOFFREY,MYCAH,10
JORAH,WINE_MERCHANT,10
MERYN_TRANT,SANSA,10
NED,RODRIK,10
NED,STANNIS,10
NED,TOBHO_MOTT,10
PYP,RAST,10
ALLISER_THORNE,JEOR,9
ARYA,CERSEI,9
BRAN,JAIME,9
BRAN,OLD_NAN,9
CERSEI,PYCELLE,9
DROGO,MIRRI_MAZ_DUUR,9
ILLYRIO,VARYS,9
IRRI,JORAH,9
JEOR,MAESTER_AEMON,9
MHAEGEN,NED,9
NED,SEPTA_MORDANE,9
PYCELLE,ROS,9
RENLY,VARYS,9
ROBB,SANSA,9
ROBIN,TYRION,9
RODRIK,TYRION,9
VARDIS_EGEN,TYRION,9
AERYS,NED,8
BAELOR,NED,8
CERSEI,LITTLEFINGER,8
CERSEI,ROBB,8
DAENERYS,MAGO,8
DAREON,PYP,8
HOUND,MERYN_TRANT,8
JORAH,MIRRI_MAZ_DUUR,8
OSHA,ROBB,8
PYCELLE,RENLY,8
ROBERT,TYWIN,8
RODRIK,THEON,8
SANSA,VARYS,8
AERYS,ROBERT,7
ALLISER_THORNE,GRENN,7
ARYA,CATELYN,7
ARYA,GENDRY,7
ARYA,HOUND,7
ARYA,JORY_CASSEL,7
ARYA,STABLE_BOY,7
ARYA,VARYS,7
BRAN,ROBERT,7
BRONN,CATELYN,7
GREATJON_UMBER,RODRIK,7
HUGH_OF_THE_VALE,JORY_CASSEL,7
JON,RAST,7
JON,THEON,7
JON_ARRYN,ROBERT,7
JORY_CASSEL,LITTLEFINGER,7
LYSA,VARDIS_EGEN,7
MAESTER_AEMON,TYRION,7
MAESTER_LUWIN,TYRION,7
ROBERT,TYRION,7
ROBERT,VISERYS,7
ARYA,ROBB,6
BARRISTAN,VARYS,6
BRONN,RODRIK,6
DROGO,ILLYRIO,6
DROGO,QOTHO,6
DROGO,RHAEGO,6
GRENN,RAST,6
GRENN,TYRION,6
HOUND,ROBERT,6
HUGH_OF_THE_VALE,NED,6
JAIME,JOFFREY,6
JEOR,OTHELL_YARWYCK,6
JEOR,OTHOR,6
LITTLEFINGER,MOUNTAIN,6
LITTLEFINGER,TYRION,6
MAESTER_AEMON,PYP,6
MAESTER_AEMON,SAM,6
NED,SYRIO_FOREL,6
NED,TOMARD,6
OTHELL_YARWYCK,SAM,6
PYP,TYRION,6
RAST,SAM,6
SHAGGA,TYWIN,6
ARYA,BAELOR,5
ARYA,BRAN,5
ARYA,HOT_PIE,5
ARYA,LITTLEFINGER,5
ARYA,MERYN_TRANT,5
ARYA,MYCAH,5
BARRISTAN,JOFFREY,5
BENJEN,ROBB,5
BENJEN,YOREN,5
BRAN,RODRIK,5
BRONN,LYSA,5
BRONN,SHAGGA,5
BRONN,TYWIN,5
CATELYN,MORD,5
DAENERYS,ROBERT,5
DOREAH,IRRI,5
DROGO,RAKHARO,5
GARED,ROYCE,5
GENDRY,TOBHO_MOTT,5
HOUND,LITTLEFINGER,5
HOUND,MOUNTAIN,5
JAIME,KEVAN,5
JAIME,LITTLEFINGER,5
JANOS,VARYS,5
JOFFREY,SEPTA_MORDANE,5
JON,OTHELL_YARWYCK,5
JON,OTHOR,5
JON_ARRYN,LITTLEFINGER,5
JON_ARRYN,LYSA,5
JONOS_BRACKEN,ROBB,5
JORAH,QOTHO,5
LYSA,MORD,5
MAESTER_LUWIN,NED,5
MARILLION,RODRIK,5
MARILLION,TYRION,5
MASHA_HEDDLE,TYRION,5
MOUNTAIN,NED,5
RENLY,SANSA,5
ROBB,ROBERT,5
ROBB,TYWIN,5
ROBB,WALDER,5
ROBERT,STANNIS,5
AERYS,RICKARD_STARK,4
ALLISER_THORNE,RAST,4
ARYA,ILYN_PAYNE,4
BAELOR,YOREN,4
BARRISTAN,JAIME,4
BARRISTAN,LITTLEFINGER,4
BARRISTAN,PYCELLE,4
BRAN,CERSEI,4
BRONN,VARDIS_EGEN,4
CATELYN,JON_ARRYN,4
CATELYN,MARILLION,4
CATELYN,TYWIN,4
CERSEI,HOUND,4
DAENERYS,VARYS,4
DAREON,JON,4
DAREON,SAM,4
GARED,WILL,4
GRENN,JEOR,4
HOUND,LORAS,4
HUGH_OF_THE_VALE,LITTLEFINGER,4
ILYN_PAYNE,JOFFREY,4
ILYN_PAYNE,NED,4
ILYN_PAYNE,SANSA,4
ILYN_PAYNE,YOREN,4
JAIME,ROS,4
JAIME,THEON,4
JORY_CASSEL,ROBERT,4
LANCEL,NED,4
LITTLEFINGER,SEPTA_MORDANE,4
LITTLEFINGER,TYWIN,4
LORAS,MOUNTAIN,4
LORAS,NED,4
LORAS,SANSA,4
LYANNA,NED,4
MIRRI_MAZ_DUUR,RAKHARO,4
MOUNTAIN,ROBERT,4
MOUNTAIN,SANSA,4
MYCAH,SANSA,4
NED,RICKARD_STARK,4
OLD_NAN,ROBB,4
ROYCE,WILL,4
RYGER_RIVERS,WALDER,4
SANSA,YOREN,4
SHAE,TYWIN,4
STEVRON_FREY,WALDER,4
WAYMAR_ROYCE,WILL,4
ADDAM_MARBRAND,KEVAN,3
ADDAM_MARBRAND,LEO_LEFFORD,3
AERYS,JAIME,3
AERYS,RHAEGAR,3
ALLISER_THORNE,OTHELL_YARWYCK,3
ARYA,JAIME,3
ARYA,PYCELLE,3
ASSASSIN,CATELYN,3
BAELOR,ILYN_PAYNE,3
BALON,THEON,3
BARRISTAN,LANCEL,3
BARRISTAN,RENLY,3
BERIC,NED,3
BRAN,WILL,3
BRANDON_STARK,NED,3
BRONN,MORD,3
BRONN,ROBIN,3
CATELYN,HOSTER,3
CATELYN,JOFFREY,3
CATELYN,MASHA_HEDDLE,3
CATELYN,YOREN,3
CERSEI,ILYN_PAYNE,3
CERSEI,JON,3
CERSEI,JON_ARRYN,3
CERSEI,LANCEL,3
CERSEI,RENLY,3
CERSEI,TYWIN,3
COHOLLO,DROGO,3
DAENERYS,NED,3
DOREAH,DROGO,3
DOREAH,WINE_MERCHANT,3
GENDRY,HOT_PIE,3
GREATJON_UMBER,JAIME,3
GREATJON_UMBER,TYWIN,3
HODOR,ROBB,3
HODOR,THEON,3
HODOR,TYRION,3
HOSTER,WALDER,3
HOUND,ILYN_PAYNE,3
IRRI,JHIQUI,3
IRRI,VISERYS,3
JANOS,RENLY,3
JEOR,NED,3
JEOR,ROBERT,3
JOFFREY,RENLY,3
JOFFREY,TYWIN,3
JOFFREY,YOREN,3
JON,ROBERT,3
JON,WILL,3
JON_ARRYN,PYCELLE,3
JON_ARRYN,ROBIN,3
JORAH,RHAEGO,3
LITTLEFINGER,STANNIS,3
LORAS,ROBERT,3
LYANNA,ROBERT,3
MERYN_TRANT,NED,3
MORD,ROBIN,3
MORD,VARDIS_EGEN,3
MYCAH,NED,3
MYRCELLA,TYRION,3
NED,PYP,3
NED,WILL,3
OSHA,RICKON,3
QOTHO,RAKHARO,3
RAKHARO,VISERYS,3
RAKHARO,WINE_MERCHANT,3
RAST,TYRION,3
RENLY,ROBB,3
RICKON,ROBB,3
ROBIN,VARDIS_EGEN,3
THEON,WALDER,3
VARYS,YOREN,3
ADDAM_MARBRAND,TYWIN,2
AEGON,AERYS,2
AEGON,MAESTER_AEMON,2
AERYS,BARRISTAN,2
AERYS,CATELYN,2
AERYS,JORAH,2
AERYS,MAESTER_AEMON,2
AERYS,RENLY,2
AERYS,SANSA,2
AERYS,SEPTA_MORDANE,2
ALLISER_THORNE,MAESTER_AEMON,2
ARYA,ILLYRIO,2
ARYA,LOMMY_GREENHANDS,2
ARYA,TYRION,2
ASSASSIN,BRAN,2
ASSASSIN,ROBB,2
BAELOR,CERSEI,2
BAELOR,HOUND,2
BAELOR,JOFFREY,2
BAELOR,PYCELLE,2
BAELOR,SANSA,2
BALON,TYRION,2
BENJEN,CATELYN,2
BENJEN,CERSEI,2
BENJEN,JEOR,2
BENJEN,ROBERT,2
BERIC,ROBERT,2
BORCAS,DAREON,2
BORCAS,PYP,2
BOWEN_MARSH,DAREON,2
BOWEN_MARSH,PYP,2
BRAN,BRANDON_STARK,2
BRAN,HOUND,2
BRANDON_STARK,CATELYN,2
BRANDON_STARK,JON,2
BRANDON_STARK,RICKARD_STARK,2
BRONN,KEVAN,2
BRONN,MARILLION,2
CATELYN,DAENERYS,2
CATELYN,HOUND,2
CATELYN,STEVRON_FREY,2
CERSEI,JEOR,2
CERSEI,LYANNA,2
CERSEI,MERYN_TRANT,2
CERSEI,ROS,2
CERSEI,STANNIS,2
CERSEI,YOREN,2
DAENERYS,JHIQUI,2
DAENERYS,SANSA,2
DAREON,GRENN,2
DAREON,JEOR,2
DAREON,LUKE,2
DAREON,MAESTER_AEMON,2
DAREON,RAST,2
DOREAH,IROGENIA,2
DOREAH,JHIQUI,2
DOREAH,JORAH,2
DROGO,IRRI,2
DROGO,ROBERT,2
GALBART_GLOVER,GREATJON_UMBER,2
GALBART_GLOVER,JONOS_BRACKEN,2
GALBART_GLOVER,ROBB,2
GENDRY,VARYS,2
GENDRY,YOREN,2
GREATJON_UMBER,NED,2
GREATJON_UMBER,RENLY,2
GREATJON_UMBER,RICKARD_KARSTARK,2
GREATJON_UMBER,STANNIS,2
GREATJON_UMBER,WALDER,2
HIGH_SEPTON,NED,2
HODOR,OSHA,2
HOUND,JAIME,2
HOUND,ROBB,2
HOUND,YOREN,2
HUGH_OF_THE_VALE,JON_ARRYN,2
HUGH_OF_THE_VALE,MOUNTAIN,2
HUGH_OF_THE_VALE,SANSA,2
ILLYRIO,JORAH,2
ILYN_PAYNE,MERYN_TRANT,2
ILYN_PAYNE,VARYS,2
JAIME,JON_ARRYN,2
JAIME,RICKARD_STARK,2
JAIME,SANSA,2
JAIME,TYSHA,2
JANOS,LITTLEFINGER,2
JANOS,PYCELLE,2
JAREMY_RYKKER,JEOR,2
JAREMY_RYKKER,OTHELL_YARWYCK,2
JAREMY_RYKKER,PYP,2
JEOR,JOFFREY,2
JOANNA,TYRION,2
JOFFREY,JON,2
JOFFREY,TOMMEN,2
JOFFREY,WILL,2
JON,RODRIK,2
JON,ROS,2
JON_ARRYN,VARYS,2
JORAH,LITTLE_BIRD,2
JORAH,NED,2
JORAH,VARYS,2
JORY_CASSEL,MHAEGEN,2
JORY_CASSEL,THEON,2
JOYEUSE,WALDER,2
KEVAN,LEO_LEFFORD,2
KEVAN,SHAGGA,2
LANCEL,RENLY,2
LEO_LEFFORD,TYRION,2
LITTLEFINGER,LORAS,2
LITTLEFINGER,MHAEGEN,2
LITTLEFINGER,YOREN,2
LORAS,MACE,2
LUKE,PYP,2
MAESTER_LUWIN,ROBERT,2
MAESTER_LUWIN,RODRIK,2
MAESTER_LUWIN,SANSA,2
MARILLION,MERYN_TRANT,2
MARILLION,YOREN,2
MELESSA,SAM,2
MORD,RODRIK,2
NED,ROOSE_BOLTON,2
NED,ROS,2
NED,STEFFON,2
NED,VARLY,2
OLD_NAN,THEON,2
OTHELL_YARWYCK,PYP,2
OTHOR,PYP,2
OTHOR,SAM,2
PYCELLE,TYWIN,2
PYCELLE,YOREN,2
RANDYLL,SAM,2
RENLY,TOMARD,2
RHAEGAR,ROBERT,2
RHAEGO,VISERYS,2
RICKARD_KARSTARK,ROBB,2
RICKARD_KARSTARK,THEON,2
ROBB,STANNIS,2
ROBB,VARYS,2
ROBERT,ROS,2
ROBERT,TOMMEN,2
RODRIK,TYWIN,2
SANSA,STANNIS,2
STANNIS,TOMARD,2
THEON,WILL,2
TYRION,TYSHA,2
TYRION,VARYS,2
CERSEI,TYRION,177
DAENERYS,JORAH,119
ARYA,JAQEN,113
DAVOS,STANNIS,111
JON,YGRITTE,110
ROBB,TALISA,108
ARYA,TYWIN,103
TYRION,VARYS,103
SHAE,TYRION,95
BRONN,TYRION,87
THEON,YARA,87
CATELYN,ROBB,82
DAENERYS,XARO,80
JOFFREY,TYRION,79
ARYA,GENDRY,78
CERSEI,SANSA,73
JON,QHORIN,71
SANSA,SHAE,60
BALON,THEON,59
DAENERYS,SPICE_KING,58
DAVOS,MATTHOS,57
MELISANDRE,STANNIS,57
BRAN,OSHA,56
JOFFREY,SANSA,56
BRIENNE,CATELYN,54
CERSEI,JOFFREY,50
BRIENNE,JAIME,49
PYCELLE,TYRION,49
DAGMER,THEON,48
HOUND,JOFFREY,48
MAESTER_LUWIN,THEON,48
BRAN,THEON,47
ALTON,JAIME,46
ARYA,HOT_PIE,43
DAVOS,MELISANDRE,40
HOUND,SANSA,40
RENLY,STANNIS,40
JANOS,TYRION,39
JON,SAM,39
LORAS,TYRION,38
JEOR,JON,37
LANCEL,TYRION,37
PODRICK,TYRION,37
OSHA,THEON,36
MARGAERY,RENLY,35
EDDISON_TOLLETT,SAM,34
GRENN,SAM,34
ROBB,ROOSE_BOLTON,34
LITTLEFINGER,TYRION,33
BRAN,RICKON,32
BRIENNE,RENLY,31
DAENERYS,KOVARRO,31
JAIME,ROBB,31
CATELYN,RENLY,30
BRAN,MAESTER_LUWIN,29
CRASTER,JEOR,29
HOUND,TYRION,29
BRAN,HODOR,28
GENDRY,HOT_PIE,28
LITTLEFINGER,MARGAERY,28
LITTLEFINGER,TYWIN,28
QHORIN,YGRITTE,28
CERSEI,LITTLEFINGER,27
DAVOS,SALLADHOR,27
EDDISON_TOLLETT,GRENN,27
CATELYN,JAIME,25
CERSEI,TOMMEN,25
SANSA,TYRION,25
CATELYN,LITTLEFINGER,24
CERSEI,LANCEL,24
GILLY,SAM,24
LORAS,RENLY,24
DAENERYS,PYATT_PREE,23
LORAS,MARGAERY,23
RODRIK,THEON,23
ALTON,ROBB,22
HODOR,OSHA,22
ROS,VARYS,22
BLACK_LORREN,THEON,21
CERSEI,SHAE,21
MATTHOS,STANNIS,21
ROBB,THEON,21
ARYA,YOREN,20
DAENERYS,DOREAH,20
LITTLEFINGER,RENLY,20
SPICE_KING,XARO,20
STANNIS,TYRION,20
BRAN,RODRIK,18
JORAH,QUAITHE,18
CAPTAINS_DAUGHTER,THEON,17
CATELYN,RICKARD_KARSTARK,17
CERSEI,PYCELLE,17
CRASTER,JON,17
DAISY,ROS,17
AMORY,ARYA,16
ARYA,RORGE,16
CRESSEN,DAVOS,16
HODOR,RICKON,16
LORD_OF_BONES,YGRITTE,16
BALON,YARA,15
CERSEI,TYWIN,15
DAENERYS,IRRI,15
JORAH,KOVARRO,15
LITTLEFINGER,LORAS,15
OSHA,RICKON,15
AMORY,TYWIN,14
MAESTER_LUWIN,OSHA,14
MATTHOS,SALLADHOR,14
BRONN,HOUND,13
CATELYN,STANNIS,13
CERSEI,JAIME,13
DONTOS,JOFFREY,13
DOREAH,XARO,13
HAYLENE,TYRION,13
JEOR,QHORIN,13
JOFFREY,MERYN_TRANT,13
LITTLEFINGER,ROS,13
MERYN_TRANT,TYRION,13
MYRCELLA,TYRION,13
CERSEI,MYRCELLA,12
DAENERYS,RAKHARO,12
DAVOS,RENLY,12
JAIME,TYRION,12
JOFFREY,LANCEL,12
JOFFREY,ROBB,12
JON,LORD_OF_BONES,12
JORAH,XARO,12
MOUNTAIN,TYWIN,12
NED,ROBB,12
RICKARD_KARSTARK,ROBB,12
BRONN,VARYS,11
CATELYN,TALISA,11
CERSEI,JANOS,11
CERSEI,VARYS,11
SHAE,VARYS,11
TYRION,TYWIN,11
BRONN,HAYLENE,10
CRESSEN,MELISANDRE,10
DAENERYS,DROGO,10
GILLY,JON,10
HOT_PIE,LOMMY,10
JEOR,SAM,10
KOVARRO,XARO,10
MERYN_TRANT,SANSA,10
NED,TYRION,10
PODRICK,VARYS,10
QHORIN,LORD_OF_BONES,10
ALTON,CERSEI,9
BRONN,JOFFREY,9
CATELYN,LORAS,9
HODOR,MAESTER_LUWIN,9
HOUND,LANCEL,9
JAQEN,RORGE,9
JOFFREY,ROS,9
JOFFREY,STANNIS,9
JOFFREY,TYWIN,9
KEVAN,TYWIN,9
LITTLEFINGER,SANSA,9
LITTLEFINGER,VARYS,9
MANCE,QHORIN,9
PYATT_PREE,XARO,9
SANSA,TOMMEN,9
AMORY,YOREN,8
ARYA,BITER,8
ARYA,LITTLEFINGER,8
BALON,ROBB,8
BITER,RORGE,8
CATELYN,JACKS,8
CATELYN,NED,8
EDDISON_TOLLETT,JON,8
JAIME,TYWIN,8
JOFFREY,LORAS,8
JOFFREY,MYRCELLA,8
LITTLEFINGER,STANNIS,8
MANDON,TYRION,8
MELISANDRE,RENLY,8
PYCELLE,VARYS,8
REGINALD,TYWIN,8
RENLY,ROBB,8
ROBB,TYWIN,8
ARYA,CERSEI,7
ARYA,POLLIVER,7
ARYA,ROBB,7
BLACK_LORREN,DAGMER,7
BRAN,ROBB,7
BRIENNE,JACKS,7
BRIENNE,LORAS,7
DAISY,JOFFREY,7
DOREAH,JORAH,7
GENDRY,YOREN,7
JAIME,JOFFREY,7
JOFFREY,LITTLEFINGER,7
JOFFREY,VARYS,7
THEON,WINTERFELL_SHEPHERD,7
ARYA,LOMMY,6
ARYA,MOUNTAIN,6
ARYA,SANSA,6
BRAN,DAGMER,6
BRAN,FARLEN,6
BRONN,LANCEL,6
BRONN,PYCELLE,6
CATELYN,SANSA,6
CERSEI,HOUND,6
CERSEI,NED,6
CERSEI,ROBERT,6
CRASTER,GILLY,6
GENDRY,TICKLER,6
GRENN,JON,6
JOFFREY,TOMMEN,6
LOMMY,POLLIVER,6
MANCE,YGRITTE,6
MANDON,PODRICK,6
RICKON,THEON,6
ROBB,STANNIS,6
ROOSE_BOLTON,TALISA,6
ALTON,TORRHEN,5
ARYA,CATELYN,5
ARYA,JOFFREY,5
ARYA,TICKLER,5
BALON,NED,5
BITER,JAQEN,5
BRIENNE,MARGAERY,5
BRIENNE,ROBB,5
BRIENNE,STANNIS,5
BRONN,MERYN_TRANT,5
CATELYN,MARGAERY,5
CATELYN,TYRION,5
CERSEI,LORAS,5
CERSEI,STANNIS,5
CRASTER,SAM,5
CRESSEN,STANNIS,5
DAGMER,MAESTER_LUWIN,5
DROWNED_PRIEST,THEON,5
GERARD,RENLY,5
HODOR,THEON,5
HOUND,MERYN_TRANT,5
JAIME,NED,5
JOFFREY,PODRICK,5
JOFFREY,ROBERT,5
JON,MANCE,5
JORAH,PYATT_PREE,5
LORAS,STANNIS,5
MAESTER_LUWIN,RODRIK,5
MYRCELLA,SANSA,5
MYRCELLA,TOMMEN,5
NED,THEON,5
PYCELLE,TIMETT,5
QHORIN,SAM,5
ROBB,RODRIK,5
ROBB,SANSA,5
ROBERT,STANNIS,5
TYWIN,VARYS,5
AERYS,JAIME,4
ALTON,RICKARD_KARSTARK,4
ARYA,NED,4
BARRA,MHAEGEN,4
BRONN,SANSA,4
BRONN,TIMETT,4
CATELYN,COLEN,4
CATELYN,ROOSE_BOLTON,4
CERSEI,PODRICK,4
CERSEI,ROBB,4
DAENERYS,QUAITHE,4
DAENERYS,RHAEGO,4
DAENERYS,SILK_KING,4
DAGMER,RICKON,4
DONTOS,MERYN_TRANT,4
DOREAH,IRRI,4
DOREAH,KOVARRO,4
EDDISON_TOLLETT,GILLY,4
GENDRY,JAQEN,4
GENDRY,LOMMY,4
GENDRY,TYWIN,4
HAYLENE,HOUND,4
HAYLENE,JOFFREY,4
HOUND,PODRICK,4
ILYN_PAYNE,SANSA,4
ILYN_PAYNE,SHAE,4
JAIME,RICKARD_KARSTARK,4
JAIME,STANNIS,4
JANOS,JOFFREY,4
JANOS,LITTLEFINGER,4
JANOS,MHAEGEN,4
JANOS,ROS,4
JOFFREY,MANDON,4
JOFFREY,MARGAERY,4
JON,NED,4
LANCEL,SANSA,4
LITTLEFINGER,PYCELLE,4
MAESTER_LUWIN,RICKON,4
MATTHOS,MELISANDRE,4
NED,ROBERT,4
NED,STANNIS,4
RICKARD_KARSTARK,TORRHEN,4
ROBB,YARA,4
STANNIS,VARYS,4
ALTON,TYRION,3
AMORY,JAQEN,3
AMORY,POLLIVER,3
ARYA,HOUND,3
ARYA,VISENYA,3
BLACK_LORREN,RODRIK,3
BRAN,JOFFREY,3
BRAN,WINTERFELL_SHEPHERD,3
BRONN,JANOS,3
BRONN,PODRICK,3
BRONN,TYWIN,3
CATELYN,JOFFREY,3
CERSEI,ILYN_PAYNE,3
CERSEI,MANDON,3
CERSEI,MERYN_TRANT,3
CRASTER,EDDISON_TOLLETT,3
DAENERYS,MALAKKO,3
DAGMER,OSHA,3
DAGMER,RODRIK,3
DROGO,RHAEGO,3
FARLEN,THEON,3
GENDRY,MOUNTAIN,3
GENDRY,RORGE,3
HOT_PIE,JAQEN,3
HOT_PIE,MOUNTAIN,3
HOUND,SHAE,3
IRRI,KOVARRO,3
IRRI,XARO,3
JAIME,MATTHOS,3
JAIME,ROBERT,3
JAIME,TORRHEN,3
JANOS,PODRICK,3
JANOS,VARYS,3
JAQEN,TYWIN,3
JOFFREY,NED,3
JOFFREY,PYCELLE,3
JOFFREY,TALISA,3
JON_ARRYN,NED,3
JORAH,SPICE_KING,3
KOVARRO,MALAKKO,3
KOVARRO,PYATT_PREE,3
LANCEL,STANNIS,3
LITTLEFINGER,ROBB,3
LITTLEFINGER,ROBIN,3
LORAS,PYCELLE,3
LORAS,TYWIN,3
MAESTER_LUWIN,PORTAN,3
MAESTER_LUWIN,WINTERFELL_SHEPHERD,3
MALAKKO,XARO,3
MANCE,LORD_OF_BONES,3
MOUNTAIN,POLLIVER,3
MYRCELLA,ROBIN,3
NED,VARYS,3
NED,YARA,3
PODRICK,PYCELLE,3
PODRICK,SHAE,3
PYATT_PREE,SPICE_KING,3
PYCELLE,ROBERT,3
PYCELLE,TYWIN,3
QUENT,ROBB,3
RENLY,ROBERT,3
ROBB,SEPTON,3
ROBERT,TYRION,3
ROBIN,TYRION,3
RORGE,YOREN,3
SANSA,TYWIN,3
SHAE,TOMMEN,3
STANNIS,TYWIN,3
THEON,VARYS,3
TIMETT,TYRION,3
TOMMEN,TYRION,3
AEGON,ARYA,2
AERYS,PYCELLE,2
AERYS,ROBERT,2
AERYS,TYWIN,2
ALTON,TALISA,2
AMORY,HOT_PIE,2
ARYA,KEVAN,2
ARYA,REGINALD,2
ARYA,RHAENYS,2
ARYA,SYRIO_FOREL,2
ARYA,TYRION,2
BALON,CATELYN,2
BARRA,JANOS,2
BENJEN,CRASTER,2
BILLY,RICKON,2
BITER,YOREN,2
BLACK_LORREN,MAESTER_LUWIN,2
BLACK_LORREN,OSHA,2
BOROS,JOFFREY,2
BRAN,CATELYN,2
BRAN,SANSA,2
BRIENNE,COLEN,2
BRIENNE,DAVOS,2
BRIENNE,LITTLEFINGER,2
BRIENNE,MELISANDRE,2
BRIENNE,RICKARD_KARSTARK,2
BRONN,CERSEI,2
BRONN,SHAE,2
CATELYN,DAVOS,2
CATELYN,MELISANDRE,2
CATELYN,RICKON,2
CERSEI,DAVOS,2
CERSEI,HAYLENE,2
CERSEI,JOANNA,2
CERSEI,MATTHOS,2
CERSEI,SALLADHOR,2
COLEN,LORAS,2
COLEN,MARGAERY,2
COLEN,RENLY,2
CRASTER,MANCE,2
CRESSEN,MATTHOS,2
DAGMER,FARLEN,2
DAGMER,HODOR,2
DAGMER,YARA,2
DAVOS,FATHER_SEAWORTH,2
DAVOS,JOFFREY,2
DAVOS,LORAS,2
DAVOS,MARYA,2
DAVOS,ROBB,2
DAVOS,ROBERT,2
DONTOS,SANSA,2
EDDISON_TOLLETT,JEOR,2
FARLEN,RICKON,2
FREY_DAUGHTER,ROBB,2
GENDRY,NED,2
GILLY,GRENN,2
HARREN,TYWIN,2
HAYLENE,PODRICK,2
HIGH_SEPTON,MYRCELLA,2
HOT_PIE,POLLIVER,2
HOT_PIE,TICKLER,2
HOUND,NED,2
HOUND,STANNIS,2
HOUND,TOMMEN,2
ILYN_PAYNE,LANCEL,2
ILYN_PAYNE,TOMMEN,2
IRRI,JORAH,2
JACKS,JAIME,2
JAIME,JON,2
JAIME,LITTLEFINGER,2
JANOS,PYCELLE,2
JAQEN,YOREN,2
JEOR,TYRION,2
JOFFREY,MATTHOS,2
JOFFREY,RENLY,2
JOFFREY,SHAE,2
JON_ARRYN,PYCELLE,2
JON_ARRYN,ROBERT,2
JORAH,MALAKKO,2
KEVAN,STANNIS,2
KOVARRO,SPICE_KING,2
LANCEL,SHAE,2
LANCEL,TOMMEN,2
LITTLEFINGER,MYRCELLA,2
LORAS,MELISANDRE,2
LORAS,ROBB,2
LORAS,TOMMEN,2
LYSA,TYRION,2
MARGAERY,STANNIS,2
MARGAERY,TYWIN,2
MATTHOS,ROBERT,2
MELESSA,SAM,2
MERYN_TRANT,TOMMEN,2
MHAEGEN,ROS,2
MYRCELLA,ROBERT,2
MYRCELLA,TRYSTANE,2
NED,RODRIK,2
NED,SANSA,2
NED,TYWIN,2
OSHA,ROBB,2
POLLIVER,TYWIN,2
PROTESTER,TYRION,2
QUAITHE,XARO,2
RAMSAY,ROOSE_BOLTON,2
RANDYLL,SAM,2
RENNICK,ROBB,2
RHAENYS,VISENYA,2
RICKARD_KARSTARK,ROOSE_BOLTON,2
RICKARD_KARSTARK,TALISA,2
RICKON,RODRIK,2
ROBERT,THEON,2
ROBERT,TOMMEN,2
SEPTON,TALISA,2
SHAE,TYWIN,2
SILK_KING,SPICE_KING,2
TALISA,TORRHEN,2
THEON,TORRHEN,2
THEON,TYRION,2
TRYSTANE,TYRION,2
JON,YGRITTE,159
BRIENNE,JAIME,127
TYRION,TYWIN,115
RAMSAY,THEON,114
CERSEI,TYRION,95
GILLY,SAM,95
ROBB,TALISA,89
SANSA,TYRION,85
ARYA,HOUND,79
DAVOS,STANNIS,77
SHAE,TYRION,75
BRONN,TYRION,71
DAENERYS,JORAH,69
BRAN,OSHA,68
DAENERYS,MISSANDEI,67
BRAN,JOJEN,65
JOFFREY,MARGAERY,64
ARYA,THOROS,63
MARGAERY,SANSA,63
JAIME,LOCKE,59
BARRISTAN,JORAH,57
CERSEI,TYWIN,57
CERSEI,JOFFREY,54
CATELYN,ROBB,52
KRAZNYS_MO_NAKLOZ,MISSANDEI,52
JAIME,QYBURN,51
DAVOS,GENDRY,50
JOFFREY,TYWIN,49
MELISANDRE,STANNIS,49
EDMURE,ROBB,46
GENDRY,MELISANDRE,46
ARYA,GENDRY,45
SANSA,SHAE,45
BRAN,HODOR,39
DAVOS,SHIREEN,38
OLENNA,VARYS,38
RICKARD_KARSTARK,ROBB,38
BARRISTAN,DAENERYS,37
JON,ORELL,37
DAARIO,DAENERYS,36
JON,MANCE,36
LITTLEFINGER,SANSA,36
PODRICK,TYRION,36
OLENNA,TYWIN,35
JON,TORMUND,34
MEERA,OSHA,34
ARYA,BERIC,33
CATELYN,TALISA,33
CERSEI,MARGAERY,33
DAVOS,MELISANDRE,33
ORELL,YGRITTE,32
LORAS,SANSA,31
OLENNA,TYRION,31
OLENNA,SANSA,30
ORELL,TORMUND,30
BRAN,MEERA,29
JAIME,ROOSE_BOLTON,29
TORMUND,YGRITTE,29
BERIC,THOROS,28
DAVOS,SALLADHOR,28
JOJEN,OSHA,28
LITTLEFINGER,TYRION,28
ROBB,WALDER,28
BRYNDEN,CATELYN,27
JOFFREY,TYRION,27
ANGUY,ARYA,26
BRAN,RICKON,26
BERIC,HOUND,25
ROS,VARYS,25
CERSEI,OLENNA,24
JOJEN,MEERA,24
TYRION,VARYS,24
DAENERYS,KRAZNYS_MO_NAKLOZ,23
HODOR,JOJEN,23
ROOSE_BOLTON,WALDER,23
JOFFREY,SANSA,22
MYRANDA,VIOLET,22
SHAE,VARYS,22
LORAS,MARGAERY,21
MARGAERY,OLENNA,21
SELYSE,STANNIS,21
ANGUY,HOUND,20
ANGUY,THOROS,20
BRONN,PODRICK,20
GENDRY,THOROS,20
CATELYN,WALDER,19
DAENERYS,RADZAI_MO_ERAZ,19
JEOR,RAST,19
THEON,TORTURER,19
BRYNDEN,EDMURE,18
BRAN,SAM,17
BRYNDEN,ROBB,17
CRASTER,JEOR,17
DAARIO,JORAH,17
DAARIO,MERO,17
GRENN,RAST,17
HOUND,THOROS,17
ROBB,ROOSE_BOLTON,17
CERSEI,LITTLEFINGER,16
DAENERYS,MERO,16
LITTLEFINGER,VARYS,16
OSHA,RICKON,16
SHIREEN,STANNIS,16
ARYA,HOT_PIE,15
BRIENNE,LOCKE,15
CATELYN,EDMURE,15
CERSEI,LORAS,15
BRAN,CATELYN,14
HODOR,MEERA,14
HODOR,OSHA,14
JAIME,STEELSHANKS_WALTON,14
MANCE,TORMUND,14
MELISANDRE,THOROS,14
CATELYN,ROOSE_BOLTON,13
CRASTER,KARL_TANNER,13
JORAH,MISSANDEI,13
MEERA,RICKON,13
MERO,PRENDAHL,13
RAST,SAM,13
BALON,THEON,12
DAENERYS,GREY_WORM,12
EDDISON_TOLLETT,GRENN,12
EDMURE,ROSLIN,12
GREY_WORM,JORAH,12
JOJEN,SAM,12
MARTYN,TALISA,12
MYRANDA,THEON,12
ROS,SHAE,12
THEON,VIOLET,12
ANGUY,BERIC,11
ANGUY,GENDRY,11
BALON,YARA,11
EDDISON_TOLLETT,RAST,11
JAIME,TYWIN,11
LORAS,OLYVAR,11
SANSA,TYWIN,11
CERSEI,JAIME,10
CERSEI,MERYN_TRANT,10
EDMURE,WALDER,10
GILLY,MAESTER_AEMON,10
JEOR,SAM,10
LOCKE,ROOSE_BOLTON,10
LORAS,OLENNA,10
LORAS,TYRION,10
MAESTER_AEMON,SAM,10
MANCE,ORELL,10
MANCE,YGRITTE,10
MERYN_TRANT,TYRION,10
TALISA,WALDER,10
TYWIN,VARYS,10
BRIENNE,ROOSE_BOLTON,9
GENDRY,HOT_PIE,9
GENDRY,STANNIS,9
GRENN,SAM,9
HODOR,RICKON,9
JOJEN,RICKON,9
LITTLE_SAM,GILLY,9
LITTLE_SAM,SAM,9
LORAS,TYWIN,9
PYCELLE,TYRION,9
ROBB,TYWIN,9
ROOSE_BOLTON,TYWIN,9
BLACK_WALDER,ROBB,8
BRAN,JON,8
BRONN,MERYN_TRANT,8
BRYNDEN,ROOSE_BOLTON,8
BRYNDEN,TALISA,8
CATELYN,JAIME,8
CRASTER,RAST,8
DAENERYS,PRENDAHL,8
EDDISON_TOLLETT,SAM,8
EDMURE,TALISA,8
FARMER,JON,8
GILLY,MEERA,8
HODOR,SAM,8
JEOR,KARL_TANNER,8
JOFFREY,LORAS,8
JOFFREY,OLENNA,8
JON,SAM,8
MEERA,SAM,8
MERYN_TRANT,TARYN_MANT,8
ROSLIN,WALDER,8
BARRISTAN,MISSANDEI,7
BERIC,GENDRY,7
CATELYN,HOSTER,7
CERSEI,PYCELLE,7
CERSEI,SANSA,7
DAARIO,MISSANDEI,7
DAARIO,PRENDAHL,7
EDMURE,LOTHAR,7
FARMER,TORMUND,7
GRENN,JEOR,7
PYCELLE,TYWIN,7
ROOSE_BOLTON,TALISA,7
SANSA,VARYS,7
THEON,YARA,7
BARRISTAN,DAARIO,6
BERIC,MELISANDRE,6
BRIENNE,CATELYN,6
BRYNDEN,WALDER,6
CATELYN,JOYEUSE,6
DAARIO,GREY_WORM,6
EDDISON_TOLLETT,JEOR,6
FARMER,YGRITTE,6
HOT_PIE,THOROS,6
JAIME,RENLY,6
JORAH,MERO,6
MACE,OLENNA,6
MERO,MISSANDEI,6
NED,SANSA,6
ROBB,ROSLIN,6
ROBB,THEON,6
ARYA,MELISANDRE,5
BARRISTAN,GREY_WORM,5
BARRISTAN,ROBERT,5
BLACK_WALDER,EDMURE,5
BLACK_WALDER,LOTHAR,5
BRAN,NED,5
BRYNDEN,RICKARD_KARSTARK,5
CATELYN,RICKARD_KARSTARK,5
CERSEI,VARYS,5
CRASTER,SAM,5
GENDRY,HOUND,5
HOSTER,ROBB,5
JOFFREY,NED,5
JOFFREY,PYCELLE,5
JOJEN,JON,5
JON,PYP,5
JORAH,KRAZNYS_MO_NAKLOZ,5
JORAH,ROBERT,5
MARGAERY,TYRION,5
MARTYN,WILLEM_LANNISTER,5
PYP,SAM,5
RAMSAY,ROOSE_BOLTON,5
RANDYLL,SAM,5
ROBB,SANSA,5
ARYA,CERSEI,4
ARYA,JOFFREY,4
BALON,RAMSAY,4
BRAN,ORELL,4
BRAN,ROBB,4
BRONN,JOFFREY,4
CATELYN,ROSLIN,4
CERSEI,TARYN_MANT,4
EDMURE,FREY_SEPTON,4
EDMURE,RICKARD_KARSTARK,4
FARMER,ORELL,4
GILLY,JOJEN,4
GREIZHEN,MISSANDEI,4
JAIME,TYRION,4
JOFFREY,MERYN_TRANT,4
JOFFREY,VARYS,4
JOYEUSE,ROBB,4
JOYEUSE,TALISA,4
JOYEUSE,WALDER,4
LITTLEFINGER,PYCELLE,4
LITTLEFINGER,TYWIN,4
LOCKE,TYWIN,4
LORD_OF_BONES,MANCE,4
LORD_OF_BONES,TORMUND,4
LORD_OF_BONES,YGRITTE,4
LOTHAR,WALDER,4
MAREI,TYRION,4
MARGAERY,RENLY,4
MARGAERY,TYWIN,4
MELISANDRE,ROBERT,4
PYCELLE,VARYS,4
QYBURN,ROOSE_BOLTON,4
QYBURN,TALISA,4
RAMSAY,YARA,4
RICKARD_KARSTARK,ROOSE_BOLTON,4
ROBERT,STANNIS,4
ROSLIN,TALISA,4
SORCERER,VARYS,4
TARYN_MANT,TYRION,4
AERYS,BARRISTAN,3
AERYS,ROBERT,3
ANGUY,MELISANDRE,3
BERIC,MOUNTAIN,3
BERIC,NED,3
BLACK_WALDER,BRYNDEN,3
BLACK_WALDER,CATELYN,3
BRAN,GILLY,3
BRANDON_STARK,CATELYN,3
BRANDON_STARK,JOJEN,3
BRIENNE,SELWYN,3
BRONN,CERSEI,3
BRONN,SANSA,3
BRYNDEN,LOTHAR,3
CATELYN,TYRION,3
CRASTER,GRENN,3
DAENERYS,GREIZHEN,3
EDMURE,ROOSE_BOLTON,3
FARMER,JOJEN,3
GENDRY,ROBERT,3
GILLY,HODOR,3
GILLY,RANDYLL,3
HIGH_SEPTON,JOFFREY,3
HIGH_SEPTON,MARGAERY,3
HODOR,ORELL,3
HOSTER,WALDER,3
HOUND,JOFFREY,3
JAIME,ROBB,3
JAIME,SELWYN,3
JOANNA,TYWIN,3
JOFFREY,RENLY,3
JOFFREY,ROBB,3
JOFFREY,SHAE,3
JOJEN,NED,3
JOJEN,ORELL,3
JON,LORD_OF_BONES,3
JON,NED,3
JON,OSHA,3
LITTLEFINGER,OLYVAR,3
LITTLEFINGER,ROS,3
LITTLEFINGER,SHAE,3
LORAS,MACE,3
LOTHAR,ROBB,3
MACE,MARGAERY,3
MEERA,ORELL,3
MERRY,WALDER,3
MERYN_TRANT,PODRICK,3
MISSANDEI,PRENDAHL,3
MISSANDEI,RADZAI_MO_ERAZ,3
MOUNTAIN,ROBB,3
NED,ROBB,3
NED,ROBERT,3
NED,VARYS,3
OLENNA,PODRICK,3
OLENNA,ROBERT,3
ORELL,OSHA,3
ORELL,RICKON,3
PODRICK,SHAE,3
QYBURN,ROBB,3
RAMSAY,ROBB,3
RENLY,STANNIS,3
RICKARD_KARSTARK,TALISA,3
RICKARD_KARSTARK,WILLEM_LANNISTER,3
ROBB,STANNIS,3
ROBB,TYRION,3
ROBERT,THOROS,3
ROOSE_BOLTON,STEELSHANKS_WALTON,3
ROOSE_BOLTON,THEON,3
ROS,TYRION,3
SORCERER,TYRION,3
STANNIS,TYWIN,3
AEGON,DAVOS,2
AEGON,SHIREEN,2
AERYS,JAIME,2
AERYS,JOFFREY,2
AERYS,NED,2
ANGUY,HOT_PIE,2
ARYA,CATELYN,2
ARYA,ILYN_PAYNE,2
ARYA,MERYN_TRANT,2
ARYA,MYCAH,2
ARYA,ROBB,2
ARYA,ROOSE_BOLTON,2
ARYA,SANSA,2
BALERION,DAVOS,2
BALON,ROBB,2
BALON,ROOSE_BOLTON,2
BARRISTAN,KRAZNYS_MO_NAKLOZ,2
BARRISTAN,RADZAI_MO_ERAZ,2
BERT,SHIREEN,2
BLACK_WALDER,JOYEUSE,2
BOROS,MERYN_TRANT,2
BRAN,FARMER,2
BRAN,MAESTER_LUWIN,2
BRAN,THEON,2
BRAN,TORMUND,2
BRAN,YGRITTE,2
BRONN,HIGH_SEPTON,2
BRONN,LORAS,2
BRONN,MARGAERY,2
BRONN,OLENNA,2
BRONN,PYCELLE,2
BRONN,SHAE,2
BRONN,TARYN_MANT,2
BRONN,TYWIN,2
BRYNDEN,HOSTER,2
BRYNDEN,ROSLIN,2
CATELYN,HOUND,2
CATELYN,JON,2
CATELYN,LOTHAR,2
CATELYN,RICKON,2
CATELYN,TYWIN,2
CERSEI,HIGH_SEPTON,2
CERSEI,HOUND,2
CERSEI,ILYN_PAYNE,2
CERSEI,PODRICK,2
CERSEI,STANNIS,2
CRASTER,EDDISON_TOLLETT,2
CRASTER,JON,2
DAENERYS,DROGO,2
DAENERYS,ROBERT,2
DAREON,HOBB,2
DAREON,SAM,2
DAVOS,MATTHOS,2
DAVOS,ROBB,2
DAVOS,RYLENE,2
DESMOND,ELDRICK,2
DESMOND,SANSA,2
DESMOND,TYRION,2
EDDISON_TOLLETT,KARL_TANNER,2
EDMURE,HOUND,2
EDMURE,JOYEUSE,2
EDMURE,MOUNTAIN,2
EDMURE,TYWIN,2
FARMER,HODOR,2
FARMER,MEERA,2
FARMER,OSHA,2
FARMER,RICKON,2
FREY_SEPTON,ROSLIN,2
FREY_SEPTON,WALDER,2
GENDRY,TYWIN,2
GILLY,RAST,2
GREIZHEN,JORAH,2
GREIZHEN,KRAZNYS_MO_NAKLOZ,2
GRENN,KARL_TANNER,2
GREY_WORM,MERO,2
GREY_WORM,MISSANDEI,2
HIGH_SEPTON,LORAS,2
HIGH_SEPTON,OLENNA,2
HIGH_SEPTON,PYCELLE,2
HIGH_SEPTON,SANSA,2
HIGH_SEPTON,TYRION,2
HIGH_SEPTON,TYWIN,2
HODOR,JON,2
HODOR,TORMUND,2
HODOR,YGRITTE,2
HOUND,ILYN_PAYNE,2
HOUND,MERYN_TRANT,2
HOUND,NED,2
HOUND,ROBB,2
HOUND,ROOSE_BOLTON,2
ILYN_PAYNE,JOFFREY,2
ILYN_PAYNE,MERYN_TRANT,2
ILYN_PAYNE,NED,2
JAIME,LORAS,2
JAIME,NED,2
JAIME,PYCELLE,2
JAIME,STANNIS,2
JEOR,JON,2
JOFFREY,STANNIS,2
JOJEN,TORMUND,2
JOJEN,YGRITTE,2
JON,MEERA,2
JON,QHORIN_HALFHAND,2
JON,RICKON,2
JORAH,PRENDAHL,2
JOYEUSE,ROSLIN,2
KARL_TANNER,RAST,2
KARL_TANNER,SAM,2
LITTLEFINGER,PODRICK,2
LOCKE,QYBURN,2
LOCKE,STEELSHANKS_WALTON,2
LORAS,PYCELLE,2
LORAS,RENLY,2
LORAS,SHAE,2
LOTHAR,ROSLIN,2
LOTHAR,TALISA,2
LYSA,TYWIN,2
LYSA,VARYS,2
MARGAERY,PYCELLE,2
MARTYN,ROBB,2
MEERA,TORMUND,2
MEERA,YGRITTE,2
MELISANDRE,SELYSE,2
MOUNTAIN,THOROS,2
MOUNTAIN,TYWIN,2
MYRANDA,RAMSAY,2
NED,RICKARD_KARSTARK,2
NED,THOROS,2
NED,TYRION,2
OLENNA,PYCELLE,2
OLENNA,RENLY,2
OSHA,TORMUND,2
OSHA,YGRITTE,2
PODRICK,SANSA,2
PYCELLE,SANSA,2
QHORIN_HALFHAND,YGRITTE,2
QYBURN,SELWYN,2
QYBURN,TYWIN,2
RAMSAY,VIOLET,2
RENLY,ROBERT,2
RENLY,SANSA,2
RENLY,TYWIN,2
RICKARD_KARSTARK,ROSLIN,2
RICKARD_KARSTARK,THEON,2
RICKARD_KARSTARK,WALDER,2
RICKON,ROBB,2
RICKON,THEON,2
RICKON,TORMUND,2
RICKON,YGRITTE,2
ROBB,VARYS,2
ROBERT,TYWIN,2
RYLENE,STANNIS,2
SALLADHOR,STANNIS,2
SELYSE,SHIREEN,2
SHAE,TYWIN,2
STEELSHANKS_WALTON,TYWIN,2
TYRION,WALDER,2
TYWIN,WALDER,2
ARYA,HOUND,162
JAIME,TYRION,147
CERSEI,JAIME,131
DAENERYS,JORAH,106
CERSEI,TYWIN,104
LITTLEFINGER,SANSA,96
TYRION,TYWIN,94
JON,SAM,89
LYSA,SANSA,88
BRONN,TYRION,86
JAIME,TYWIN,83
PODRICK,TYRION,80
GILLY,SAM,79
OBERYN,TYWIN,79
BRIENNE,PODRICK,78
OBERYN,TYRION,78
SHAE,TYRION,78
ALLISER_THORNE,JON,68
JOFFREY,TYRION,64
DAENERYS,MISSANDEI,63
RAMSAY,THEON,63
CERSEI,OBERYN,57
LITTLEFINGER,LYSA,55
DAARIO,DAENERYS,54
GRENN,JON,52
DAVOS,STANNIS,51
GREY_WORM,MISSANDEI,50
JON,MANCE,50
ELLARIA,OBERYN,48
BRAN,MEERA,47
MARGAERY,OLENNA,46
SANSA,TYRION,46
ROBIN,SANSA,45
BRAN,HODOR,44
JOJEN,MEERA,44
CERSEI,JOFFREY,43
CERSEI,TYRION,43
TOMMEN,TYWIN,43
BRAN,JOJEN,42
EDDISON_TOLLETT,JON,41
BRIENNE,JAIME,40
JANOS,JON,39
RAMSAY,ROOSE_BOLTON,39
CERSEI,MARGAERY,38
ARYA,BRIENNE,36
JOFFREY,MARGAERY,36
MELISANDRE,SELYSE,36
JON,TORMUND,35
BARRISTAN,JORAH,34
OBERYN,VARYS,34
PYP,SAM,34
BARRISTAN,DAENERYS,32
STYR,YGRITTE,32
EDDISON_TOLLETT,GRENN,31
JAIME,JOFFREY,31
DONTOS,SANSA,30
JOFFREY,TYWIN,30
LITTLEFINGER,YOHN_ROYCE,30
BRONN,JAIME,29
HOUND,POLLIVER,29
MARGAERY,TOMMEN,29
TORMUND,YGRITTE,29
CERSEI,PYCELLE,28
DAVOS,SHIREEN,27
TYRION,VARYS,27
ALLISER_THORNE,JANOS,26
DAENERYS,GREY_WORM,26
MAESTER_AEMON,SAM,26
CERSEI,TOMMEN,25
JOFFREY,SANSA,25
DAENERYS,HIZDAHR,24
GILLY,MOLES_TOWN_WHORE,24
MELISANDRE,SHIREEN,24
BRIENNE,HOT_PIE,23
BRIENNE,HOUND,22
ANYA_WAYNWOOD,LITTLEFINGER,21
HODOR,JOJEN,21
JON,LOCKE,21
LITTLEFINGER,ROBIN,21
MACE,TYWIN,21
OBERYN,OLYVAR,21
SELYSE,STANNIS,21
FARMER_HAMLET,HOUND,20
GILLY,LITTLE_SAM,20
HODOR,MEERA,20
STYR,TORMUND,20
THEON,YARA,20
ARYA,POLLIVER,19
CERSEI,QYBURN,18
DAVOS,TYCHO,18
ELLARIA,OLYVAR,18
MORGAN,OBERYN,18
MOUNTAIN,OBERYN,18
RALF,THEON,18
SHAE,TYWIN,18
TYWIN,VARYS,18
ARYA,TERNESIO_TERYS,17
JON,YGRITTE,17
KARL_TANNER,MEERA,17
LITTLE_SAM,SAM,17
LYSA,ROBIN,17
MYRANDA,RAMSAY,17
SANSA,SHAE,17
STANNIS,TYCHO,17
CERSEI,VARYS,16
GRENN,SAM,16
PYCELLE,TYWIN,16
DAENERYS,FENNESZ,15
RAMSAY,TANSY,15
SANSA,YOHN_ROYCE,15
BRAN,JON,14
BRIENNE,CERSEI,14
DAARIO,GREY_WORM,14
DAVOS,SALLADHOR,14
ELIA,OBERYN,14
GRENN,LOCKE,14
JAIME,LORAS,14
JOJEN,KARL_TANNER,14
JON,OLLY,14
MACE,OBERYN,14
MACE,TYRION,14
OLENNA,TYWIN,14
ROOSE_BOLTON,THEON,14
ALLISER_THORNE,GRENN,13
ARYA,FARMER_HAMLET,13
BARRISTAN,MISSANDEI,13
BRAN,LOCKE,13
CERSEI,MACE,13
CERSEI,MOUNTAIN,13
GRENN,JANOS,13
JAIME,PODRICK,13
JAIME,TOMMEN,13
JOFFREY,TOMMEN,13
KARL_TANNER,RAST,13
BRIENNE,MARGAERY,12
DYING_MAN,HOUND,12
JAIME,OBERYN,12
JON,STANNIS,12
MANCE,STANNIS,12
PYCELLE,QYBURN,12
TOMMEN,TYRION,12
ALLISER_THORNE,MAESTER_AEMON,11
ANYA_WAYNWOOD,SANSA,11
BARRISTAN,GREY_WORM,11
CATELYN,LYSA,11
DONTOS,LITTLEFINGER,11
ELLARIA,TYRION,11
FARMER_HAMLET,SALLY,11
JAIME,MARGAERY,11
JON,KARL_TANNER,11
JORAH,MISSANDEI,11
ANYA_WAYNWOOD,YOHN_ROYCE,10
ARYA,DYING_MAN,10
DAARIO,JORAH,10
KARL_TANNER,SISSY,10
MORGAN,MORGANS_FRIEND,10
OLLY,STYR,10
ALLISER_THORNE,SAM,9
BRAN,THREE_EYED_RAVEN,9
BRONN,PODRICK,9
CERSEI,SANSA,9
CRASTER,JON,9
DAARIO,MISSANDEI,9
ELLARIA,MAREI,9
ELLARIA,TYWIN,9
GREY_WORM,JORAH,9
JAIME,SANSA,9
JANOS,SAM,9
JOFFREY,MACE,9
JOFFREY,OLENNA,9
JON,MAESTER_AEMON,9
ALLISER_THORNE,PYP,8
BALON_DWARF,ROBB_DWARF,8
BRONN,OBERYN,8
DONNEL_HILL,GRENN,8
EDDISON_TOLLETT,JANOS,8
EDDISON_TOLLETT,SAM,8
ELLARIA,MORGAN,8
JAIME,MACE,8
JOFFREY,OBERYN,8
JON,MORAG,8
LORAS,MARGAERY,8
MACE,VARYS,8
MARGAERY,TYRION,8
MORGANS_FRIEND,OBERYN,8
PYCELLE,VARYS,8
SANSA,TYWIN,8
ALLISER_THORNE,LOCKE,7
BARRISTAN,DAARIO,7
BOLTON_GUARD,YARA,7
BRAN,KARL_TANNER,7
BRAN,LEAF,7
CERSEI,ELLARIA,7
CERSEI,LORAS,7
CERSEI,SHAE,7
CRASTER,EDDISON_TOLLETT,7
DAENERYS,MEEREEN_CHAMPION,7
DAVOS,JON,7
DONGO_THE_GIANT,MAG_THE_MIGHTY,7
DORNISH_LORD,TYRION,7
EDDISON_TOLLETT,PYP,7
ENDREW,JAIME,7
GILLY,PYP,7
GRENN,MAG_THE_MIGHTY,7
GUYMON,OLLY,7
HIZDAHR,HIZDAHRS_FATHER,7
HODOR,LOCKE,7
JOFFREY,LITTLEFINGER,7
JOFFREY,SHAE,7
JON,PYP,7
JON,SISSY,7
LORAS,TOMMEN,7
MACE,MARGAERY,7
MACE,TOMMEN,7
MAREI,OBERYN,7
MELISANDRE,STANNIS,7
MOLES_TOWN_MADAM,SAM,7
NED,SANSA,7
OBERYN,PYCELLE,7
OBERYN,SHAE,7
OLLY,SAM,7
OLLY,YGRITTE,7
RAMSAY,YARA,7
RENLY_DWARF,STANNIS_DWARF,7
SHIREEN,STANNIS,7
ALLISER_THORNE,OTHELL_YARWYCK,6
ARYA,SALLY,6
BALON,THEON,6
BRIENNE,CATELYN,6
BRIENNE,JOFFREY,6
BRIENNE,SANSA,6
CATELYN,SANSA,6
CERSEI,DONTOS,6
CERSEI,MYRCELLA,6
DAVOS,MANCE,6
DAVOS,SELYSE,6
DONTOS,JOFFREY,6
ELDER_MEEREEN_SLAVE,MOSSADOR,6
FIRST_MATE,YARA,6
GOATHERD,MISSANDEI,6
GRENN,OLLY,6
GRENN,PYP,6
HOUND,JOFFREY,6
HOUND,LYSA,6
HOUND,RORGE,6
HOUND,SALLY,6
JAIME,VARYS,6
JOFFREY_DWARF,ROBB_DWARF,6
JON,STYR,6
JON_ARRYN,LYSA,6
LORAS,TYWIN,6
MAREI,OLYVAR,6
MARGAERY,SANSA,6
MARGAERY,TYWIN,6
MEERA,THREE_EYED_RAVEN,6
MERYN_TRANT,TYRION,6
MORGAN,OLYVAR,6
MOUNTAIN,PYCELLE,6
MOUNTAIN,QYBURN,6
MOUNTAIN,TYWIN,6
MYRANDA,TANSY,6
OBERYN,TOMMEN,6
ORSON,TYRION,6
PYCELLE,TYRION,6
SAM,TORMUND,6
TANSY,THEON,6
ALLISER_THORNE,EDDISON_TOLLETT,5
ALLISER_THORNE,TORMUND,5
BRIENNE,OLENNA,5
BRIENNE,TYRION,5
CATELYN,LITTLEFINGER,5
CRASTER,KARL_TANNER,5
CRASTER,RAST,5
DAENERYS,GOATHERD,5
DAVOS,MELISANDRE,5
DONTOS,TYRION,5
EDDISON_TOLLETT,LOCKE,5
EDDISON_TOLLETT,MORAG,5
ENDREW,JOFFREY,5
FENNESZ,MASTER_MIGHDAL,5
FIRST_MATE,THEON,5
GRENN,MORAG,5
HIGH_SEPTON,JOFFREY,5
HIGH_SEPTON,TOMMEN,5
HIZDAHR,MANSERVANT,5
HOT_PIE,PODRICK,5
HOUND,PODRICK,5
JAIME,QYBURN,5
JAIME,SHAE,5
JANOS,OLLY,5
JOFFREY,PODRICK,5
JOFFREY,POLLIVER,5
JOFFREY,PYCELLE,5
JON,NED,5
LHARA,SALLADHOR,5
LUTHOR,OLENNA,5
LYSA,TYRION,5
MACE,PYCELLE,5
MACE,SANSA,5
MACE,SHAE,5
MARGAERY,OBERYN,5
MOUNTAIN,TYRION,5
OBERYN,PODRICK,5
OLENNA,TYRION,5
RAMSAY,WALDA,5
ROOSE_BOLTON,WALDA,5
SELYSE,SHIREEN,5
ADRACK_HUMBLE,THEON,4
AERYS,JAIME,4
AERYS,ROBERT,4
ARYA,RORGE,4
AXELL_FLORENT,MELISANDRE,4
AXELL_FLORENT,SELYSE,4
BALON_DWARF,JOFFREY_DWARF,4
BALON_DWARF,STANNIS_DWARF,4
BLACK_JACK,KEGS,4
BLACK_JACK,MULLY,4
BRAN,CRASTER,4
BRAN,RAST,4
BRONN,MORGAN,4
CATELYN,CERSEI,4
CATELYN,NED,4
CATELYN,ROBB,4
COOPER,GRENN,4
CRASTER,GRENN,4
CRASTER,LOCKE,4
CRASTER,MORAG,4
CRASTER,SISSY,4
CRASTERS_BABY,RAST,4
CRASTERS_BABY,SISSY,4
DAARIO,MEEREEN_CHAMPION,4
DAENERYS,HIZDAHRS_FATHER,4
EDDISON_TOLLETT,SISSY,4
ELDER_MEEREEN_SLAVE,GREY_WORM,4
ELDER_MEEREEN_SLAVE,MEEREEN_SLAVE,4
ELIA,MOUNTAIN,4
ELIA,TYWIN,4
ELLARIA,JAIME,4
ELLARIA,MOUNTAIN,4
ELLARIA,PODRICK,4
GILLY,JANOS,4
GILLY,STYR,4
GILLY,YGRITTE,4
GRENN,SISSY,4
HIGH_SEPTON,JAIME,4
HIGH_SEPTON,MARGAERY,4
JANOS,MAESTER_AEMON,4
JOFFREY,JOFFREY_DWARF,4
JOFFREY,NED,4
JON,MAG_THE_MIGHTY,4
JON_ARRYN,LITTLEFINGER,4
KEGS,MULLY,4
LEAF,MEERA,4
LITTLE_SAM,MOLES_TOWN_WHORE,4
LITTLEFINGER,NED,4
LOCKE,RAMSAY,4
LORAS,OBERYN,4
LYSA,NED,4
LYSA,YOHN_ROYCE,4
MANCE,TORMUND,4
MERYN_TRANT,ROOSE_BOLTON,4
MERYN_TRANT,TYWIN,4
MORAG,SISSY,4
MORGAN,TYRION,4
MYRANDA,THEON,4
MYRANDA,YARA,4
OBERYN,SANSA,4
OLLY,OLLYS_MOTHER,4
PODRICK,SANSA,4
PYCELLE,TOMMEN,4
SAM,STYR,4
SAM,YGRITTE,4
SANSA,TOMMEN,4
STYR,THENN_WARG,4
AERYS,TYRION,3
ALLISER_THORNE,OLLY,3
ALLISER_THORNE,QHORIN,3
ANYA_WAYNWOOD,LYSA,3
ARYA,CATELYN,3
ARYA,HOT_PIE,3
ARYA,JOFFREY,3
ARYA,NED,3
ARYA,PODRICK,3
ARYA,SANSA,3
BAELOR,TYWIN,3
BALON_DWARF,RENLY_DWARF,3
BOLTON_GUARD,FIRST_MATE,3
BRAN,CRASTERS_BABY,3
BRAN,NED,3
BRAN,RAMSAY,3
BRIENNE,SELWYN,3
BRONN,ELLARIA,3
BRONN,LOLLYS,3
BRONN,MOUNTAIN,3
BRONN,SHAE,3
CATELYN,HOSTER,3
CATELYN,JAIME,3
CATELYN,TYRION,3
CERSEI,NED,3
CERSEI,OLENNA,3
CERSEI,PODRICK,3
CERSEI,ROBERT,3
COOPER,DONNEL_HILL,3
CRASTER,JOJEN,3
CRASTER,MEERA,3
CRASTER,SAM,3
CRASTERS_BABY,MEERA,3
DAENERYS,MANSERVANT,3
DONNEL_WAYNWOOD,HOUND,3
DORAN,TYRION,3
EDDISON_TOLLETT,OLLY,3
ELLARIA,JOFFREY,3
ELLARIA,LORAS,3
GILLY,TORMUND,3
GUYMON,OLLYS_MOTHER,3
HODOR,LEAF,3
HODOR,RAST,3
HOSTER,LYSA,3
HOUND,INNKEEPER,3
HOUND,SYRIO_FOREL,3
INNKEEPER,POLLIVER,3
JAIME,MERYN_TRANT,3
JAIME,OLENNA,3
JAIME,STANNIS,3
JOFFREY,LORAS,3
JOFFREY,MOUNTAIN,3
JOFFREY,RENLY,3
JOFFREY,ROBB_DWARF,3
JOFFREY,STANNIS,3
JOFFREY_DWARF,SANSA,3
JOFFREY_DWARF,STANNIS_DWARF,3
JOJEN,LEAF,3
JOJEN,THREE_EYED_RAVEN,3
JON,OTHELL_YARWYCK,3
LITTLEFINGER,TYRION,3
LORAS,TYRION,3
MACE,OLENNA,3
MAG_THE_MIGHTY,MANCE,3
MAG_THE_MIGHTY,SAM,3
MEEREEN_SLAVE,MOSSADOR,3
MOLES_TOWN_MADAM,MOLES_TOWN_WHORE,3
NED,TYRION,3
OLENNA,SANSA,3
OLENNA,TOMMEN,3
OLLY,PYP,3
OLLY,TORMUND,3
PODRICK,TYWIN,3
PODRICK,VARYS,3
PYCELLE,SANSA,3
PYP,TORMUND,3
ROBB,SANSA,3
ROBERT,TYWIN,3
STANNIS,TOMMEN,3
THENN_WARG,TORMUND,3
THENN_WARG,YGRITTE,3
VANCE_CORBRAY,YOHN_ROYCE,3
ADRACK_HUMBLE,RALF,2
AERYS,CERSEI,2
ALLISER_THORNE,CRASTER,2
ALLISER_THORNE,YGRITTE,2
ANYA_WAYNWOOD,ROBIN,2
ANYA_WAYNWOOD,VANCE_CORBRAY,2
ARYA,DONNEL_WAYNWOOD,2
ARYA,INNKEEPER,2
ARYA,INNKEEPERS_DAUGHTER,2
ARYA,JAIME,2
ARYA,JAQEN,2
ARYA,LOMMY,2
ARYA,LYSA,2
ARYA,MERYN_TRANT,2
ARYA,SYRIO_FOREL,2
ARYA,TOMMY,2
AXELL_FLORENT,DAVOS,2
AXELL_FLORENT,STANNIS,2
BAELOR,HIGH_SEPTON,2
BAELOR,JOFFREY,2
BAELOR,TYRION,2
BALON,ROOSE_BOLTON,2
BALON_DWARF,JOFFREY,2
BARRISTAN,CERSEI,2
BARRISTAN,GOATHERD,2
BARRISTAN,JOFFREY,2
BARRISTAN,VARYS,2
BITER,HOUND,2
BITER,RORGE,2
BOROS,JAIME,2
BRAN,RICKON,2
BRAN,SAM,2
BRIENNE,BRONN,2
BRIENNE,LORAS,2
BRIENNE,NED,2
BRONN,CERSEI,2
BRONN,FALYSE,2
BRONN,MORGANS_FRIEND,2
BRONN,TYWIN,2
BRONN,VARYS,2
CATELYN,JOFFREY,2
CATELYN,JON_ARRYN,2
CERSEI,ELIA,2
CERSEI,FOOL,2
CERSEI,JOANNA,2
CERSEI,JOFFREY_DWARF,2
CERSEI,MERYN_TRANT,2
CERSEI,ROBB_DWARF,2
CRASTER,CRASTERS_BABY,2
CRASTER,HODOR,2
CRASTER,MANCE,2
CRASTERS_BABY,HODOR,2
CRASTERS_BABY,JOJEN,2
CRASTERS_BABY,KARL_TANNER,2
CRASTERS_BABY,NIGHT_KING,2
CRASTERS_BABY,WHITE_WALKER,2
DAENERYS,DROGO,2
DAENERYS,MASTER_MIGHDAL,2
DAENERYS,RHAEGAR,2
DAENERYS,VARYS,2
DAENERYS,VISERYS,2
DAVOS,EDDISON_TOLLETT,2
DAVOS,GRENN,2
DAVOS,MAESTER_AEMON,2
DAVOS,SAM,2
DONGO_THE_GIANT,JON,2
DONNEL_HILL,MAG_THE_MIGHTY,2
DORAN,OBERYN,2
DORNISH_LORD,OBERYN,2
DROGO,RHAEGAR,2
EDDISON_TOLLETT,MAESTER_AEMON,2
EDDISON_TOLLETT,MELISANDRE,2
EDDISON_TOLLETT,SELYSE,2
EDDISON_TOLLETT,SHIREEN,2
EDDISON_TOLLETT,STANNIS,2
ELLARIA,MACE,2
ELLARIA,MARGAERY,2
ELLARIA,MORGANS_FRIEND,2
ELLARIA,SANSA,2
ELLARIA,VARYS,2
FENNESZ,MISSANDEI,2
FOOL,JOFFREY,2
FOOL,TYWIN,2
GILLY,MOLES_TOWN_MADAM,2
GOATHERD,GOATHERDS_SON,2
GOATHERD,GREY_WORM,2
GOATHERD,JORAH,2
GRENN,MAESTER_AEMON,2
GRENN,MELISANDRE,2
GRENN,SELYSE,2
GRENN,SHIREEN,2
GRENN,STANNIS,2
GRENN,YGRITTE,2
GREY_WORM,MOSSADOR,2
GUYMON,STYR,2
GUYMON,YGRITTE,2
HIGH_SEPTON,MACE,2
HIZDAHR,JORAH,2
HODOR,NED,2
HODOR,THREE_EYED_RAVEN,2
HOSTER,JON_ARRYN,2
HOSTER,LITTLEFINGER,2
HOUND,INNKEEPERS_DAUGHTER,2
HOUND,LOMMY,2
HOUND,MERYN_TRANT,2
HOUND,MOUNTAIN,2
HOUND,TOMMY,2
HOUND,VARYS,2
INNKEEPER,TOMMY,2
JAIME,JOANNA,2
JAIME,NED,2
JAIME,PYCELLE,2
JANOS,LITTLE_SAM,2
JANOS,LOCKE,2
JANOS,OTHELL_YARWYCK,2
JANOS,PYP,2
JEOR,JON,2
JEOR,KARL_TANNER,2
JOFFREY,LYSA,2
JOFFREY,MERYN_TRANT,2
JOFFREY,RENLY_DWARF,2
JOFFREY,ROBB,2
JOFFREY,STANNIS_DWARF,2
JOFFREY,VARYS,2
JOFFREY_DWARF,MARGAERY,2
JOFFREY_DWARF,RENLY_DWARF,2
JOFFREY_DWARF,TYRION,2
JOJEN,JON,2
JOJEN,LOCKE,2
JOJEN,RAST,2
JON,MELISANDRE,2
JON,QHORIN,2
JON,SELYSE,2
JON,SHIREEN,2
JON_ARRYN,ROBIN,2
JORAH,MEEREEN_CHAMPION,2
JORAH,VARYS,2
LEAF,THREE_EYED_RAVEN,2
LITTLE_SAM,MOLES_TOWN_MADAM,2
LITTLE_SAM,PYP,2
LITTLEFINGER,TYWIN,2
LITTLEFINGER,VANCE_CORBRAY,2
LOCKE,MEERA,2
LOCKE,MORAG,2
LOCKE,RAST,2
LOCKE,ROOSE_BOLTON,2
LOCKE,SAM,2
LOCKE,SISSY,2
LOLLYS,TYRION,2
LORAS,OLENNA,2
LORAS,RENLY_DWARF,2
LORAS,SANSA,2
LORAS,STANNIS_DWARF,2
LUTHOR,VIOLA,2
MACE,MOUNTAIN,2
MACE,PODRICK,2
MAESTER_AEMON,MELISANDRE,2
MAESTER_AEMON,OLLY,2
MAESTER_AEMON,PYP,2
MAESTER_AEMON,SELYSE,2
MAESTER_AEMON,SHIREEN,2
MAESTER_AEMON,STANNIS,2
MAREI,MORGAN,2
MAREI,SHAE,2
MAREI,TYRION,2
MARGAERY,PYCELLE,2
MARGAERY,ROBB_DWARF,2
MEERA,NED,2
MEERA,RAST,2
MELISANDRE,SAM,2
MERYN_TRANT,SYRIO_FOREL,2
MERYN_TRANT,THEON,2
MISSANDEI,ZALA,2
MOLES_TOWN_WHORE,SAM,2
MORGANS_FRIEND,TYRION,2
MOUNTAIN,POLLIVER,2
MOUNTAIN,SHAE,2
MUSICIAN,OLENNA,2
MYRCELLA,OBERYN,2
NED,ROBERT,2
NED,STANNIS,2
NED,YOHN_ROYCE,2
NIGHT_KING,WHITE_WALKER,2
OLENNA,VIOLA,2
OLLYS_MOTHER,STYR,2
OLLYS_MOTHER,TORMUND,2
OLLYS_MOTHER,YGRITTE,2
ORYS,ORYS_BROTHER,2
ORYS,TYWIN,2
ORYS_BROTHER,TYWIN,2
PODRICK,SHAE,2
POLLIVER,TOMMY,2
RALF,ROOSE_BOLTON,2
RAMSAY,RICKON,2
RAMSAY,ROBB,2
RANDYLL,SAM,2
RENLY_DWARF,ROBB_DWARF,2
ROBB,TYRION,2
ROBB_DWARF,SANSA,2
ROBB_DWARF,TYRION,2
ROBIN,TYRION,2
SAM,SELYSE,2
SAM,SHIREEN,2
SAM,STANNIS,2
SANSA,VANCE_CORBRAY,2
SANSA,VARYS,2
SANSA,WAYMAR_ROYCE,2
STANNIS,TYWIN,2
TOMMEN,TYCHO,2
TOMMEN,VARYS,2
TYCHO,TYWIN,2
ARYA,JAQEN,148
JORAH,TYRION,141
BRONN,JAIME,121
TYRION,VARYS,110
DAENERYS,TYRION,98
CERSEI,HIGH_SPARROW,96
BRIENNE,PODRICK,90
JON,STANNIS,90
LITTLEFINGER,SANSA,89
JON,SAM,85
GILLY,SAM,83
DAARIO,DAENERYS,81
MARGAERY,TOMMEN,79
SANSA,THEON,77
DAENERYS,HIZDAHR,69
DAVOS,STANNIS,68
JON,TORMUND,63
CERSEI,TOMMEN,62
JAIME,MYRCELLA,58
MYRANDA,SANSA,58
RAMSAY,THEON,58
MELISANDRE,STANNIS,52
RAMSAY,ROOSE_BOLTON,51
RAMSAY,SANSA,51
CERSEI,LITTLEFINGER,50
ARYA,WAIF,48
SHIREEN,STANNIS,47
CERSEI,MARGAERY,46
CERSEI,QYBURN,41
JON,OLLY,41
CERSEI,JAIME,40
DAENERYS,JORAH,40
JON,MELISANDRE,39
BARRISTAN,DAENERYS,38
DAVOS,JON,35
DAVOS,SHIREEN,35
BRONN,TYENE,34
DORAN,ELLARIA,33
JON,MANCE,33
ALLISER_THORNE,JON,32
JAQEN,WAIF,32
HIGH_SPARROW,OLENNA,30
LORAS,MARGAERY,30
OLLY,SAM,30
GREY_WORM,MISSANDEI,29
CERSEI,MACE,28
DAENERYS,MOSSADOR,28
JON,KARSI,28
MYRANDA,RAMSAY,28
AREO,DORAN,27
BRIENNE,LITTLEFINGER,27
DAARIO,TYRION,27
CERSEI,OLENNA,26
DAARIO,HIZDAHR,24
DORAN,JAIME,24
MYRCELLA,TRYSTANE,24
SAM,STANNIS,24
DAENERYS,MISSANDEI,22
LITTLEFINGER,ROOSE_BOLTON,22
CERSEI,KEVAN,21
HIGH_SPARROW,LORAS,21
CERSEI,MAGGY,20
DAARIO,GREY_WORM,20
JANOS,JON,20
SELYSE,SHIREEN,20
AREO,BRONN,19
ELLARIA,JAIME,19
KARSI,TORMUND,19
TYCHO,MACE,19
AREO,JAIME,18
CERSEI,LANCEL,18
CERSEI,PYCELLE,18
GILLY,SHIREEN,18
JON,MAESTER_AEMON,18
SELYSE,STANNIS,18
BLACK_HAIRED_PROSTITUTE,TYRION,17
DAARIO,JORAH,17
HIGH_SPARROW,MARGAERY,17
MAESTER_AEMON,SAM,17
MALKO,TYRION,17
ARYA,MERYN_TRANT,16
DAARIO,MISSANDEI,16
JAIME,TRYSTANE,16
JON,LOBODA,16
LITTLEFINGER,OLENNA,16
MISSANDEI,TYRION,16
ROOSE_BOLTON,SANSA,16
AREO,ELLARIA,15
AREO,MYRCELLA,15
BRIENNE,SANSA,15
CERSEI,LORAS,15
LORAS,OLYVAR,15
ALLISER_THORNE,SAM,14
BRONN,LOLLYS,14
CERSEI,SEPTA_UNELLA,14
DAENERYS,GREY_WORM,14
LANCEL,LITTLEFINGER,14
LITTLEFINGER,RAMSAY,14
MANCE,STANNIS,14
MARGAERY,OLENNA,14
NYMERIA,TYENE,14
ARYA,THIN_MAN,13
CERSEI,HIGH_SEPTON,13
CERSEI,MERYN_TRANT,13
DAVOS,MELISANDRE,13
HIZDAHR,TYRION,13
MELISANDRE,SELYSE,13
MYRANDA,THEON,13
BRONN,DORNISH_RIDER,12
CERSEI,MELARA,12
CERSEI,TYWIN,12
EDDISON_TOLLETT,JON,12
JORAH,MALKO,12
LORD_OF_BONES,TORMUND,12
BRAND,DERRYK,11
ELLARIA,OBARA,11
ELLARIA,TYENE,11
HIGH_SEPTON,OLYVAR,11
JAQEN,THIN_MAN,11
DAVOS,OLLY,10
ELLARIA,MYRCELLA,10
OLLY,STANNIS,10
PYCELLE,QYBURN,10
BRIENNE,STANNIS,9
BRONN,MYRCELLA,9
DAENERYS,VARYS,9
DAVOS,SELYSE,9
DORAN,MYRCELLA,9
DORAN,TRYSTANE,9
HIGH_SPARROW,OLYVAR,9
JORAH,MISSANDEI,9
LITTLEFINGER,ROYCE,9
LORAS,OLENNA,9
LORAS,TOMMEN,9
MACE,QYBURN,9
MELISANDRE,SHIREEN,9
RAMSAY,WALDA,9
ALLISER_THORNE,OLLY,8
AREO,TRYSTANE,8
BRIENNE,RENLY,8
GILLY,LITTLE_SAM,8
HIGH_SPARROW,TOMMEN,8
HIZDAHR,MISSANDEI,8
JANOS,SAM,8
KARSI,LOBODA,8
LANCEL,LORAS,8
ROOSE_BOLTON,THEON,8
SANSA,WALDA,8
TYRION,TYWIN,8
AREO,OBARA,7
BARRISTAN,DAARIO,7
BRONN,OBARA,7
CATELYN,SANSA,7
CERSEI,MYRCELLA,7
DERRYK,SAM,7
GILLY,OLLY,7
GREY_WORM,JORAH,7
HIZDAHR,MOSSADOR,7
MACE,MERYN_TRANT,7
MACE,PYCELLE,7
MARGAERY,OLYVAR,7
OWNER,TYRION,7
PODRICK,SANSA,7
RAMSAY,STANNIS,7
ALLISER_THORNE,JANOS,6
BRAND,SAM,6
BRONN,DORAN,6
BRONN,TRYSTANE,6
CERSEI,TYRION,6
DAARIO,MOSSADOR,6
EDDISON_TOLLETT,SAM,6
ELLARIA,OBERYN,6
GILLY,JON,6
GILLY,SELYSE,6
HIGH_SEPTON,LANCEL,6
HIGH_SEPTON,QYBURN,6
JAIME,TYWIN,6
JON,SELYSE,6
JORAH,VARYS,6
LITTLE_SAM,SAM,6
MADAME,MERYN_TRANT,6
MANCE,TORMUND,6
MYRANDA,WALDA,6
MYRCELLA,OBARA,6
NYMERIA,OBARA,6
OBARA,TYENE,6
ROOSE_BOLTON,WALDA,6
ALLISER_THORNE,STANNIS,5
BRAN,RICKON,5
BRAN,THEON,5
BRIENNE,CATELYN,5
BRONN,NYMERIA,5
CATELYN,LITTLEFINGER,5
CERSEI,ROBERT,5
DAENERYS,OWNER,5
DERRYK,GILLY,5
DORAN,OBERYN,5
EDDISON_TOLLETT,OLLY,5
ELLARIA,NYMERIA,5
HIGH_SEPTON,MACE,5
JON,LORD_OF_BONES,5
KEVAN,TOMMEN,5
LITTLEFINGER,STANNIS,5
MELISANDRE,SAM,5
NED,STANNIS,5
PODRICK,STANNIS,5
RICKON,THEON,5
SAM,SELYSE,5
ALLISER_THORNE,DAVOS,4
ALLISER_THORNE,EDDISON_TOLLETT,4
ALLISER_THORNE,MAESTER_AEMON,4
ALLISER_THORNE,TORMUND,4
AREO,NYMERIA,4
AREO,TYENE,4
ARYA,MACE,4
BARRISTAN,MOSSADOR,4
CERSEI,OLYVAR,4
CERSEI,ROOSE_BOLTON,4
CERSEI,VARYS,4
DORNISH_RIDER,JAIME,4
EDDISON_TOLLETT,STANNIS,4
ELLARIA,TRYSTANE,4
GILLY,MAESTER_AEMON,4
GILLY,STANNIS,4
HIGH_SEPTON,HIGH_SPARROW,4
HIGH_SPARROW,RENLY,4
HIGH_SPARROW,ROBERT,4
HIZDAHR,JORAH,4
JAIME,TYENE,4
JON,NIGHT_KING,4
JORAH,OWNER,4
LITTLEFINGER,ROBIN,4
LITTLEFINGER,THEON,4
LOBODA,TORMUND,4
MERYN_TRANT,QYBURN,4
MYRANDA,ROOSE_BOLTON,4
QUICK,STRONG,4
ROBERT,STANNIS,4
ROOSE_BOLTON,STANNIS,4
ROOSE_BOLTON,TYWIN,4
SAM,SHIREEN,4
SANSA,YOHN_ROYCE,4
THEON,WALDA,4
AEGON,MAESTER_AEMON,3
AERYS,DAENERYS,3
ARYA,NED,3
ARYA,TYCHO,3
BARRISTAN,GREY_WORM,3
BARRISTAN,RHAEGAR,3
BRAN,SANSA,3
CERSEI,JOFFREY,3
CERSEI,OBERYN,3
CERSEI,SANSA,3
DORAN,TOMMEN,3
EDDISON_TOLLETT,JANOS,3
GILLY,JANOS,3
GREY_WORM,MOSSADOR,3
GREY_WORM,TYRION,3
JAIME,LOLLYS,3
JAIME,OBARA,3
JAIME,TYRION,3
JAIME,VARYS,3
JANOS,OLLY,3
JANOS,STANNIS,3
JEOR,JON,3
JOFFREY,MARGAERY,3
JOFFREY,TOMMEN,3
JON,OTHELL_YARWYCK,3
JON,ROBB,3
KEVAN,LANCEL,3
KEVAN,PYCELLE,3
KEVAN,QYBURN,3
LITTLE_SAM,OLLY,3
LITTLEFINGER,LYANNA,3
LITTLEFINGER,LYSA,3
LITTLEFINGER,NED,3
LITTLEFINGER,PODRICK,3
LITTLEFINGER,YOHN_ROYCE,3
LORD_WEEBLY,SAM,3
LYANNA,SANSA,3
MANCE,MELISANDRE,3
NED,ROBERT,3
NED,SANSA,3
OBARA,OBERYN,3
PODRICK,RENLY,3
PODRICK,TYRION,3
RICKON,SANSA,3
ROYCE,SANSA,3
SANSA,STANNIS,3
SHAE,TYRION,3
SHAE,TYWIN,3
STANNIS,TORMUND,3
AEGON,RHAENYRA,2
AERYS,BARRISTAN,2
ALLISER_THORNE,DENYS,2
ALLISER_THORNE,MANCE,2
ARYA,MADAME,2
ARYA,MOUNTAIN,2
ARYA,SANSA,2
ARYA,WALDER,2
BARRISTAN,HIZDAHR,2
BRIAN,JON,2
BRIENNE,ROBERT,2
BRIENNE,SELWYN,2
BRONN,CERSEI,2
BRONN,FALYSE,2
CATELYN,NED,2
CATELYN,ROBB,2
CERSEI,ELLARIA,2
CERSEI,JORAH,2
CERWYN,RAMSAY,2
DAARIO,QUICK,2
DAARIO,STRONG,2
DAENERYS,QUICK,2
DAENERYS,ROBERT,2
DAENERYS,STRONG,2
DAVOS,EDDISON_TOLLETT,2
DAVOS,SAM,2
DORAN,OBARA,2
DORAN,TYENE,2
EDDISON_TOLLETT,GILLY,2
EDDISON_TOLLETT,LITTLE_SAM,2
EDDISON_TOLLETT,PYP,2
EDDISON_TOLLETT,TORMUND,2
GILLY,MELISANDRE,2
GRENN,PYP,2
HIGH_SEPTON,PYCELLE,2
HIGH_SPARROW,MERYN_TRANT,2
HIGH_SPARROW,SEPTA_UNELLA,2
HIZDAHR,OWNER,2
HIZDAHR,QUICK,2
HIZDAHR,STRONG,2
JAIME,LITTLEFINGER,2
JAIME,NYMERIA,2
JAIME,TOMMEN,2
JAQEN,MACE,2
JAQEN,MERYN_TRANT,2
JEOR,SAM,2
JOFFREY,RENLY,2
JOFFREY,ROBERT,2
JOFFREY,SANSA,2
JOFFREY,TYRION,2
JOFFREY,TYWIN,2
JON,LITTLE_SAM,2
JON,LORD_WEEBLY,2
JON,ROOSE_BOLTON,2
JON,SHIREEN,2
JORAH,MOSSADOR,2
KARSI,NIGHT_KING,2
KEVAN,TYWIN,2
LANCEL,OLYVAR,2
LANCEL,PYCELLE,2
LITTLE_SAM,MELISANDRE,2
LITTLE_SAM,STANNIS,2
LITTLEFINGER,LORAS,2
LITTLEFINGER,MYRANDA,2
LITTLEFINGER,OLYVAR,2
LITTLEFINGER,RENLY,2
LITTLEFINGER,ROBB,2
LITTLEFINGER,TOMMEN,2
LITTLEFINGER,WALDA,2
LOLLYS,TANDA,2
LORAS,TYWIN,2
LYANNA_MORMONT,STANNIS,2
MACE,MERYN_TRANT,2
MACE,THIN_MAN,2
MACE,TOMMEN,2
MAESTER_WOLKAN,ROOSE_BOLTON,2
MAGGY,MELARA,2
MAGGY,ROBERT,2
MAGNAR,SAM,2
MANCE,SAM,2
MARGAERY,ROBERT,2
MELISANDRE,OLLY,2
MERYN_TRANT,MOUNTAIN,2
MERYN_TRANT,THIN_MAN,2
MOSSADOR,TYRION,2
NED,THEON,2
OLENNA,OLYVAR,2
OLYVAR,TOMMEN,2
PYCELLE,VARYS,2
QUICK,TYRION,2
RANDYLL,SAM,2
RHAEGAR,ROBERT,2
ROBB,SANSA,2
ROBB,THEON,2
ROBERT,TYWIN,2
ROBERT,VARYS,2
ROBIN,ROYCE,2
ROBIN,SANSA,2
STANNIS,STEFFON,2
STRONG,TYRION,2
THIN_MAN,WAIF,2
TOMMEN,TYWIN,2
TYCHO,JAQEN,2
TYCHO,MERYN_TRANT,2
TYCHO,THIN_MAN,2
JON,SANSA,151
MISSANDEI,TYRION,88
TYRION,VARYS,86
ARYA,JAQEN,83
DAVOS,MELISANDRE,82
GREY_WORM,TYRION,81
DAVOS,JON,80
GILLY,SAM,80
BRAN,THREE_EYED_RAVEN,76
HIGH_SPARROW,MARGAERY,76
THEON,YARA,72
DAENERYS,TYRION,69
CERSEI,JAIME,66
ARYA,LADY_CRANE,64
DAARIO,JORAH,60
LITTLEFINGER,SANSA,57
DAARIO,DAENERYS,54
JON,MELISANDRE,54
JON,TORMUND,54
BRAN,MEERA,51
BRIENNE,JAIME,50
DAVOS,TORMUND,50
HIGH_SPARROW,TOMMEN,49
ARYA,WAIF,48
CERSEI,TOMMEN,48
EDDISON_TOLLETT,JON,48
BRIENNE,SANSA,46
GREY_WORM,MISSANDEI,44
HOUND,RAY,41
MARGAERY,OLENNA,40
HODOR,MEERA,39
BRAN,HODOR,38
DAVOS,SANSA,38
RAMSAY,SANSA,37
BRONN,JAIME,36
JAIME,TOMMEN,36
MARGAERY,TOMMEN,36
BRYNDEN,JAIME,35
DAENERYS,KHAL_MORO,34
RAMSAY,SMALLJON,34
HIGH_SPARROW,JAIME,33
LORAS,MARGAERY,33
BRIENNE,BRYNDEN,32
EDMURE,JAIME,31
JON,RAMSAY,30
BENJEN,BRAN,29
CERSEI,OLENNA,29
CERSEI,QYBURN,29
LYANNA,NED,29
SANSA,THEON,29
DAVOS,EDDISON_TOLLETT,28
BRIENNE,PODRICK,27
BERIC,HOUND,26
HOUND,THOROS,25
RAMSAY,ROOSE_BOLTON,25
JON,LYANNA_MORMONT,24
SANSA,TORMUND,24
BALON,YARA,23
OSHA,RAMSAY,23
ALLISER_THORNE,DAVOS,22
HIGH_SPARROW,LORAS,22
BRONN,PODRICK,21
CAMELLO,LADY_CRANE,21
DAENERYS,JORAH,21
EDDISON_TOLLETT,TORMUND,21
GREY_WORM,VARYS,21
LITTLE_SAM,SAM,21
MARGAERY,SEPTA_UNELLA,21
MELESSA,SAM,21
BRAN,NED,20
JAQEN,WAIF,20
RAMSAY,WALDA,20
BRAN,LEAF,19
JAIME,WALDER,19
JON,ROBETT,19
ARYA,WALDER,18
CERSEI,KEVAN,18
DAENERYS,YARA,18
GILLY,LITTLE_SAM,18
BALON,EURON,17
DAVOS,LYANNA_MORMONT,17
EURON,YARA,17
BIANCA,LADY_CRANE,16
BOBONO,LADY_CRANE,16
CERSEI,PYCELLE,16
EURON,THEON,16
IZEMBARO,LADY_CRANE,16
LITTLEFINGER,YOHN_ROYCE,16
MISSANDEI,VARYS,16
TYRION,YEZZAN,16
BLACK_WALDER,LOTHAR,15
BLACK_WALDER,WALDER,15
CERSEI,HIGH_SPARROW,15
CERSEI,LANCEL,15
DAENERYS,LHAZAREEN_WOMAN,15
DAENERYS,THEON,15
GILLY,MELESSA,15
HODOR,THREE_EYED_RAVEN,15
KINVARA,TYRION,15
LITTLEFINGER,ROBIN,15
BLACK_WALDER,JAIME,14
CERSEI,MARGAERY,14
RANDYLL,SAM,14
VALA,VARYS,14
ALLISER_THORNE,JON,13
BIANCA,IZEMBARO,13
JAIME,LOTHAR,13
JON,WUN_WUN,13
LEAF,MEERA,13
MAESTER_CITADEL,SAM,13
PODRICK,SANSA,13
PYCELLE,QYBURN,13
RAMSAY,RICKON,13
THEON,TYRION,13
ARTHUR,NED,12
BENJEN,MEERA,12
BRAN,NIGHT_KING,12
CERSEI,SEPTA_UNELLA,12
JAIME,KEVAN,12
LYANNA_MORMONT,SANSA,12
MAESTER_WOLKAN,RAMSAY,12
MELESSA,TALLA,12
MELISANDRE,TORMUND,12
NED,SANSA,12
TORMUND,WUN_WUN,12
ALLISER_THORNE,EDDISON_TOLLETT,11
BRIENNE,DAVOS,11
BRYNDEN,EDMURE,11
CLARENZO,LADY_CRANE,11
DAENERYS,MISSANDEI,11
DICKON,SAM,11
EDDISON_TOLLETT,MELISANDRE,11
EDDISON_TOLLETT,SANSA,11
JOFFREY,LADY_CRANE,11
LEM,RAY,11
MACE,OLENNA,11
MEERA,THREE_EYED_RAVEN,11
MELESSA,RANDYLL,11
NED,THREE_EYED_RAVEN,11
RAMSAY,SON_OFWALDA,11
ARYA,BIANCA,10
BENJEN,NED,10
BIANCA,BOBONO,10
BOBONO,CLARENZO,10
BRIENNE,JON,10
BRIENNE,MELISANDRE,10
GREY_WORM,YEZZAN,10
HIGH_SPARROW,SEPTA_UNELLA,10
JAIME,OLENNA,10
JON,NED,10
MELISANDRE,SANSA,10
PYCELLE,TOMMEN,10
RAZDAL,TYRION,10
SON_OFWALDA,WALDA,10
AERON,YARA,9
ALLISER_THORNE,TORMUND,9
ARYA,IZEMBARO,9
BLACK_WALDER,EDMURE,9
BOBONO,IZEMBARO,9
BRIENNE,EDDISON_TOLLETT,9
BRIENNE,TORMUND,9
CLARENZO,IZEMBARO,9
DAVOS,STANNIS,9
DAVOS,WUN_WUN,9
ELLARIA,OLENNA,9
GATINS,HOUND,9
HODOR,LEAF,9
JON,RICKON,9
LOTHAR,WALDER,9
MACE,MARGAERY,9
NYMERIA,OBARA,9
AERON,EURON,8
BENJEN,LYANNA,8
BERIC,THOROS,8
BIANCA,CLARENZO,8
DAENERYS,DOSH_KHALEEN_LEADER,8
DAENERYS,GREY_WORM,8
DAENERYS,VARYS,8
DAVOS,RAMSAY,8
DORAN,ELLARIA,8
DOSH_KHALEEN_LEADER,LHAZAREEN_WOMAN,8
GILLY,RANDYLL,8
GILLY,TALLA,8
HIGH_SPARROW,LANCEL,8
JAIME,MACE,8
JAIME,MARGAERY,8
JON,LITTLEFINGER,8
JON,SMALLJON,8
KINVARA,VARYS,8
LEAF,THREE_EYED_RAVEN,8
MYRANDA,RAMSAY,8
QYBURN,TOMMEN,8
RAMSAY,RICKARD_KARSTARK,8
RAMSAY,TORMUND,8
SAM,TALLA,8
ALLISER_THORNE,OLLY,7
BELICHO,TYRION,7
BENJEN,THREE_EYED_RAVEN,7
BOBONO,CAMELLO,7
EDMURE,GUARD_CAPTAIN,7
GLOVER,JON,7
GREY_WORM,RAZDAL,7
JAIME,QYBURN,7
KEVAN,OLENNA,7
KEVAN,TOMMEN,7
LORAS,TOMMEN,7
LYANNA_MORMONT,MAESTER_MORMONT,7
MEERA,NIGHT_KING,7
MISSANDEI,RAZDAL,7
MISSANDEI,YEZZAN,7
NYMERIA,TRYSTANE,7
OBARA,OLENNA,7
OLENNA,SEPTA_UNELLA,7
RAZDAL,YEZZAN,7
RICKON,SANSA,7
ROBETT,SANSA,7
ROBIN,YOHN_ROYCE,7
ROOSE_BOLTON,SANSA,7
ALLISER_THORNE,BOWEN_MARSH,6
ARTHUR_CHILD,QYBURN,6
ARYA,CLARENZO,6
ARYA,SANSA,6
BELICHO,RAZDAL,6
BOWEN_MARSH,JON,6
BRAN,LYANNA,6
BRYNDEN,GUARD_CAPTAIN,6
BRYNDEN,PODRICK,6
BRYNDEN,SANSA,6
CAMELLO,CLARENZO,6
CAMELLO,IZEMBARO,6
CATELYN,JAIME,6
CERSEI,JOFFREY,6
CERSEI,LADY_CRANE,6
CERSEI,LORAS,6
DAENERYS,DROGO,6
DAENERYS,RAZDAL,6
DAVOS,SMALLJON,6
EDMURE,LOTHAR,6
HIGH_SPARROW,MACE,6
HOUND,LEM,6
JON,OLLY,6
LADY_CRANE,SANSA,6
LANCEL,MARGAERY,6
LEAF,NIGHT_KING,6
MELISANDRE,STANNIS,6
OBARA,TRYSTANE,6
RICKON,SMALLJON,6
SMALLJON,TORMUND,6
TYRION,YARA,6
ARYA,BOBONO,5
ARYA,CAMELLO,5
ARYA,JOFFREY,5
BELICHO,GREY_WORM,5
BELICHO,MISSANDEI,5
BELICHO,YEZZAN,5
BLACK_WALDER,BRONN,5
BLACK_WALDER,BRYNDEN,5
BOBONO,JOFFREY,5
BRIENNE,LITTLEFINGER,5
BRIENNE,THEON,5
BRYNDEN,WALDER,5
CERSEI,MOUNTAIN,5
CERSEI,MYRCELLA,5
CERSEI,TYWIN,5
CLARENZO,JOFFREY,5
CLARENZO,TYRION,5
DAENERYS,KINVARA,5
DAVOS,LITTLEFINGER,5
DIM_DALBA,JON,5
DOM,VARYS,5
DORAN,MAESTER_DORNE,5
DROGO,KHAL_MORO,5
EDDISON_TOLLETT,OLLY,5
EDMURE,WALDER,5
ELLARIA,TYENE,5
JOFFREY,SANSA,5
JON,MAESTER_MORMONT,5
JON,ROBB,5
KEVAN,PYCELLE,5
LADY_CRANE,TYRION,5
LANCEL,LORAS,5
LITTLE_SAM,MELESSA,5
MAESTER_MORMONT,SANSA,5
NED,RICKARD_STARK,5
NIGHT_KING,THREE_EYED_RAVEN,5
OLLY,TORMUND,5
PODRICK,THEON,5
RAMSAY,WUN_WUN,5
RANDYLL,TALLA,5
RICKARD_KARSTARK,ROOSE_BOLTON,5
RICKARD_KARSTARK,SMALLJON,5
SANSA,WUN_WUN,5
AERON,BALON,4
AERON,THEON,4
ARTHUR,HOWLAND,4
ARYA,CERSEI,4
BALON,THEON,4
BIANCA,CAMELLO,4
BIANCA,JOFFREY,4
BIANCA,SANSA,4
BOBONO,SANSA,4
BOBONO,TYRION,4
BOBONO,TYWIN,4
BOWEN_MARSH,DAVOS,4
BOWEN_MARSH,EDDISON_TOLLETT,4
BOWEN_MARSH,MELISANDRE,4
BOWEN_MARSH,OLLY,4
BOWEN_MARSH,OTHELL_YARWYCK,4
BOWEN_MARSH,TORMUND,4
BRIENNE,STANNIS,4
BRONN,LOTHAR,4
BRYNDEN,LOTHAR,4
CERSEI,CLARENZO,4
CERSEI,MACE,4
CERSEI,SANSA,4
CLARENZO,SANSA,4
DAARIO,LHAZAREEN_WOMAN,4
DAENERYS,YEZZAN,4
DAVOS,MAESTER_MORMONT,4
DAVOS,OLLY,4
DICKON,GILLY,4
DIM_DALBA,TORMUND,4
DORAN,TYENE,4
EDDISON_TOLLETT,PODRICK,4
GILLY,MAESTER_CITADEL,4
GLOVER,MANDERLY,4
HARALD,RAMSAY,4
HIGH_SPARROW,OLENNA,4
HODOR,LYANNA,4
HODOR,NIGHT_KING,4
HOWLAND,NED,4
JAIME,MYRCELLA,4
JAIME,SON_OF_EDMURE,4
JOFFREY,TYRION,4
JON,MANDERLY,4
JON,PODRICK,4
JON,SAM,4
JON,STANNIS,4
KEVAN,MARGAERY,4
LITTLEFINGER,TORMUND,4
LORAS,OLENNA,4
LYANNA_MORMONT,ROBB,4
MAESTER_WOLKAN,MYRANDA,4
MAESTER_WOLKAN,RICKARD_KARSTARK,4
MYRCELLA,TOMMEN,4
NYMERIA,OLENNA,4
PODRICK,TORMUND,4
RED_PRIEST,TYRION,4
SANSA,SMALLJON,4
SANSA,TYRION,4
STANNIS,TORMUND,4
AERYS,TYRION,3
ALLISER_THORNE,MELISANDRE,3
ALLISER_THORNE,OTHELL_YARWYCK,3
ALLISER_THORNE,WUN_WUN,3
AREO,DORAN,3
AREO,ELLARIA,3
AREO,TYENE,3
ARTHUR,BRAN,3
ARTHUR,THREE_EYED_RAVEN,3
ARYA,BRAN,3
ARYA,TYRION,3
BENJEN,HODOR,3
BERIC,LEM,3
BIANCA,CERSEI,3
BIANCA,NED,3
BIANCA,TYRION,3
BOBONO,CERSEI,3
BOBONO,NED,3
BRAN,JON,3
BRAN,RICKON,3
BRONN,EDMURE,3
CATELYN,NED,3
CATELYN,SANSA,3
CERSEI,IZEMBARO,3
CERSEI,TYRION,3
CLARENZO,MARGAERY,3
DAENERYS,RED_PRIEST,3
DAVOS,GLOVER,3
DAVOS,HARALD,3
DAVOS,SHIREEN,3
DICKON,RANDYLL,3
DIM_DALBA,WUN_WUN,3
DOM,VALA,3
DORAN,OBERYN,3
EDDISON_TOLLETT,WUN_WUN,3
GLOVER,SANSA,3
HARALD,JON,3
HARALD,SANSA,3
HARALD,SMALLJON,3
HARALD,TORMUND,3
HIGH_SPARROW,KEVAN,3
HODOR,NED,3
HOWLAND,THREE_EYED_RAVEN,3
IZEMBARO,JOFFREY,3
IZEMBARO,NED,3
IZEMBARO,TYWIN,3
JAIME,PODRICK,3
JAIME,PYCELLE,3
JAIME,SANSA,3
JEOR,JON,3
JOFFREY,MARGAERY,3
JON,OTHELL_YARWYCK,3
JON,ROOSE_BOLTON,3
JORAH,LHAZAREEN_WOMAN,3
KEVAN,LORAS,3
KEVAN,MACE,3
LEM,THOROS,3
LITTLE_SAM,TALLA,3
LORAS,MACE,3
LYANNA,THREE_EYED_RAVEN,3
LYANNA_MORMONT,RAMSAY,3
LYANNA_MORMONT,TORMUND,3
MACE,PYCELLE,3
MANDERLY,ROBB,3
MARGAERY,TYRION,3
NED,OLD_NAN,3
NED,RAMSAY,3
OLENNA,PYCELLE,3
OLENNA,TOMMEN,3
OLENNA,TYENE,3
RAZDAL,VARYS,3
RED_PRIEST,VARYS,3
ROBB,ROBETT,3
ROOSE_BOLTON,SMALLJON,3
ROOSE_BOLTON,WALDA,3
SANSA,STANNIS,3
SMALLJON,WUN_WUN,3
AREO,MAESTER_DORNE,2
ARYA,NED,2
ARYA,RICKON,2
ARYA,ROBERT,2
BELICHO,DAENERYS,2
BELICHO,VARYS,2
BENJEN,RODRIK,2
BIANCA,MARGAERY,2
BOBONO,MARGAERY,2
BOWEN_MARSH,OTHELL_YARWYCK,2
BRAN,HOWLAND,2
BRAN,JAQEN,2
BRAN,OLD_NAN,2
BRAN,RODRIK,2
BRAN,SANSA,2
BRONN,BRYNDEN,2
BRONN,WALDER,2
BRYNDEN,MINISA,2
CAMELLO,NED,2
CAMELLO,SANSA,2
CAMELLO,TYRION,2
CATELYN,EDMURE,2
CATELYN,ROBB,2
CERSEI,ROBERT,2
CERSEI,SON_OF_EDMURE,2
CERSEI,VARYS,2
CLARENZO,ROBERT,2
DAARIO,DOSH_KHALEEN_LEADER,2
DAARIO,KHAL_MORO,2
DAENERYS,VALA,2
DAVOS,DIM_DALBA,2
DAVOS,OTHELL_YARWYCK,2
DAVOS,RICKON,2
DAVOS,ROBETT,2
DICKON,MELESSA,2
DICKON,TALLA,2
DIM_DALBA,SANSA,2
DOSH_KHALEEN_LEADER,JORAH,2
EDDISON_TOLLETT,OTHELL_YARWYCK,2
EDMURE,HOSTER,2
EDMURE,SON_OF_EDMURE,2
ELLARIA,MAESTER_DORNE,2
ELLARIA,NYMERIA,2
ELLARIA,OBARA,2
ELLARIA,OBERYN,2
FLYNN,LEM,2
FLYNN,MORGAN,2
FLYNN,RAY,2
GLOVER,ROBB,2
GLOVER,ROBETT,2
GREY_WORM,THEON,2
GREY_WORM,YARA,2
HARALD,LYANNA_MORMONT,2
HODOR,OLD_NAN,2
IZEMBARO,ROBERT,2
IZEMBARO,SANSA,2
IZEMBARO,TYRION,2
JAIME,LORAS,2
JAIME,ROBB,2
JAIME,TYRION,2
JON,THEON,2
JORAH,KHAL_MORO,2
KEVAN,QYBURN,2
KRAZNYS_MO_NAKLOZ,MISSANDEI,2
LADY_CRANE,MARGAERY,2
LADY_CRANE,ROBERT,2
LADY_CRANE,TYWIN,2
LADY_CRANE,WAIF,2
LANCEL,MACE,2
LANCEL,QYBURN,2
LANCEL,SEPTA_UNELLA,2
LEM,MORGAN,2
LITTLE_SAM,RANDYLL,2
LITTLEFINGER,RAMSAY,2
LITTLEFINGER,SMALLJON,2
LITTLEFINGER,WUN_WUN,2
LYANNA_MORMONT,MANDERLY,2
LYANNA_MORMONT,SMALLJON,2
MAESTER_AEMON,SAM,2
MAESTER_DORNE,TYENE,2
MAESTER_WOLKAN,ROOSE_BOLTON,2
MANCE,TORMUND,2
MARGAERY,SANSA,2
MEERA,OLD_NAN,2
MELISANDRE,OLLY,2
MELISANDRE,OTHELL_YARWYCK,2
MELISANDRE,PODRICK,2
MELISANDRE,RAMSAY,2
MISSANDEI,THEON,2
MISSANDEI,YARA,2
MORGAN,RAY,2
NED,ROBB,2
NED,ROBERT,2
NED,ROBETT,2
NED,RODRIK,2
NED,TYRION,2
NYMERIA,TYENE,2
OBARA,TYENE,2
OLD_NAN,THREE_EYED_RAVEN,2
OLLY,OTHELL_YARWYCK,2
OSHA,SMALLJON,2
OTHELL_YARWYCK,TORMUND,2
QYBURN,VARYS,2
RICKON,TORMUND,2
RICKON,WUN_WUN,2
ROBB,WALDER,2
ROBIN,SANSA,2
SANSA,TYWIN,2
SANSA,YOHN_ROYCE,2
STANNIS,VARYS,2
THEON,VARYS,2
TYRION,TYWIN,2
VARYS,YARA,2
VARYS,YEZZAN,2
DAENERYS,TYRION,179
DAENERYS,JON,178
CERSEI,JAIME,172
ARYA,SANSA,156
JON,TYRION,107
LITTLEFINGER,SANSA,107
DAVOS,JON,92
BRONN,JAIME,85
JON,SANSA,79
MARWYN,SAM,75
CERSEI,TYRION,74
DAENERYS,VARYS,65
BERIC,HOUND,63
JON,JORAH,59
HOUND,THOROS,57
HOUND,TORMUND,57
DAVOS,GENDRY,55
JON,TORMUND,50
DAVOS,TYRION,46
TYRION,VARYS,45
BRAN,SANSA,44
CERSEI,QYBURN,44
BERIC,JON,41
CERSEI,EURON,38
CERSEI,TYCHO,37
JAIME,OLENNA,37
JON,MISSANDEI,36
DAENERYS,MISSANDEI,35
JON,THEON,35
DAENERYS,JORAH,34
JAIME,TYRION,34
ARYA,HOT_PIE,33
CERSEI,DAENERYS,33
CERSEI,MOUNTAIN,33
DAENERYS,DAVOS,33
JAIME,RANDYLL,33
DAVOS,MISSANDEI,31
GREY_WORM,MISSANDEI,31
MISSANDEI,TYRION,31
BERIC,THOROS,30
GENDRY,JON,30
BRIENNE,SANSA,29
BERIC,TORMUND,27
HOUND,JON,27
JORAH,SAM,27
EURON,JAIME,26
HOUND,JORAH,26
BRIENNE,PODRICK,25
DICKON,RANDYLL,25
ELLARIA,YARA,25
JAIME,QYBURN,25
ARYA,LITTLEFINGER,24
CERSEI,JON,24
DICKON,JAIME,24
HARRAG,THEON,24
JORAH,TORMUND,24
THEON,YARA,24
JAIME,MOUNTAIN,23
SANSA,YOHN_ROYCE,23
ARYA,BRAN,21
BRAN,MEERA,21
BRAN,SAM,21
CERSEI,ELLARIA,21
ELLARIA,TYENE,21
JON,NED,21
MELISANDRE,VARYS,21
MISSANDEI,VARYS,21
DAENERYS,JAIME,20
GILLY,SAM,20
JON,LITTLEFINGER,20
ARYA,BRIENNE,19
BRAN,LITTLEFINGER,19
BRONN,TYRION,19
EURON,YARA,19
JORAH,THOROS,19
BERIC,JORAH,18
BRIENNE,HOUND,18
EURON,THEON,18
GENDRY,HOUND,18
GREY_WORM,TYRION,18
JON,VARYS,18
JON,NIGHT_KING,17
JORAH,TYRION,17
SANSA,MAESTER_WOLKAN,17
DAENERYS,OLENNA,16
JORAH,MARWYN,16
CERSEI,TYENE,15
CERSEI,TYWIN,15
GENDRY,TORMUND,15
BRIENNE,LITTLEFINGER,14
DAENERYS,RANDYLL,14
DAVOS,JORAH,14
GENDRY,THOROS,14
GREY_WORM,VARYS,14
MOUNTAIN,QYBURN,14
NED,SANSA,14
DAENERYS,GREY_WORM,13
DAENERYS,MELISANDRE,13
GENDRY,JORAH,13
DAVOS,THEON,12
JON,THOROS,12
PODRICK,TYRION,12
AERYS,DAENERYS,11
BERIC,GENDRY,11
BRONN,DICKON,11
LITTLEFINGER,MAESTER_WOLKAN,11
LITTLEFINGER,YOHN_ROYCE,11
LYANNA_MORMONT,ROBETT,11
THOROS,TORMUND,11
BRIENNE,JAIME,10
DAENERYS,DICKON,10
DAENERYS,NIGHT_KING,10
DAVOS,VARYS,10
MISSANDEI,THEON,10
MOUNTAIN,TYRION,10
THEON,TYRION,10
TYRION,TYWIN,10
ARYA,JON,9
BRIENNE,JON,9
CERSEI,SANSA,9
DAVOS,SANSA,9
EURON,MOUNTAIN,9
HOUND,TYRION,9
NYMERIA,OBARA,9
ARYA,NED,8
BERIC,NIGHT_KING,8
BRAN,JON,8
BRONN,DAENERYS,8
BRONN,PODRICK,8
BRONN,RANDYLL,8
ELLARIA,THEON,8
EURON,TYRION,8
JON,ROBETT,8
ROBETT,YOHN_ROYCE,8
BENJEN,JON,7
BRAN,LYANNA,7
BRAN,MAESTER_WOLKAN,7
CERSEI,JOFFREY,7
DAENERYS,EURON,7
DAENERYS,THEON,7
DAVOS,TORMUND,7
ELLARIA,TYRION,7
JORAH,MISSANDEI,7
JORAH,THEON,7
LYANNA,RHAEGAR,7
LYANNA_MORMONT,SANSA,7
OBARA,TYENE,7
PODRICK,SANSA,7
RANDYLL,TYRION,7
ROBETT,SANSA,7
ARYA,JOFFREY,6
ARYA,YOHN_ROYCE,6
BRIENNE,TORMUND,6
CERSEI,RANDYLL,6
DAENERYS,HOUND,6
ELLARIA,MOUNTAIN,6
ELLARIA,QYBURN,6
EURON,TYENE,6
GENDRY,ROBERT,6
GILLY,LITTLE_SAM,6
JAIME,JON,6
JOFFREY,SANSA,6
JON,LYANNA_MORMONT,6
JORAH,VARYS,6
LITTLE_SAM,SAM,6
LITTLEFINGER,ROBETT,6
LYANNA_MORMONT,YOHN_ROYCE,6
NIGHT_KING,TORMUND,6
THEON,VARYS,6
TYENE,YARA,6
AERYS,CERSEI,5
AERYS,JON,5
ALYS,NED_UMBER,5
ARYA,CATELYN,5
ARYA,CERSEI,5
ARYA,MAESTER_WOLKAN,5
ARYA,PODRICK,5
BRIENNE,BRONN,5
BRONN,CERSEI,5
CERSEI,NED,5
CERSEI,OLENNA,5
DAENERYS,TORMUND,5
DAVOS,HOUND,5
ELLARIA,EURON,5
EURON,JON,5
HOUND,MOUNTAIN,5
HOUND,NIGHT_KING,5
JOFFREY,NED,5
JOFFREY,TYWIN,5
JON,MAESTER_WOLKAN,5
JON,MOUNTAIN,5
JON,PODRICK,5
JON,YOHN_ROYCE,5
LITTLEFINGER,PODRICK,5
NED,ROBB,5
QYBURN,TYENE,5
AERYS,TYRION,4
ARYA,ROBETT,4
BERIC,DAENERYS,4
BRAN,EDDISON_TOLLETT,4
BRAN,NED,4
BRAN,RHAEGAR,4
BRIENNE,CERSEI,4
BRIENNE,DAVOS,4
BRIENNE,LYANNA_MORMONT,4
BRIENNE,ROBETT,4
BRIENNE,TYRION,4
BRIENNE,YOHN_ROYCE,4
CATELYN,LITTLEFINGER,4
CERSEI,DAVOS,4
CERSEI,HOUND,4
CERSEI,MYRCELLA,4
CERSEI,THEON,4
DAVOS,LITTLEFINGER,4
DAVOS,PODRICK,4
DICKON,TYRION,4
EDDISON_TOLLETT,MEERA,4
ELLARIA,OBARA,4
EURON,NYMERIA,4
EURON,OBARA,4
EURON,QYBURN,4
GENDRY,TYRION,4
GREY_WORM,THEON,4
HOUND,THEON,4
JAIME,TYWIN,4
JEOR,JON,4
JEOR,JORAH,4
JEOR,SAM,4
JOFFREY,TYRION,4
JON,LYANNA,4
JON,MELISANDRE,4
JON,NED_UMBER,4
JON,QYBURN,4
JORAH,NIGHT_KING,4
LITTLEFINGER,LYANNA_MORMONT,4
LITTLEFINGER,NED,4
LYANNA,NED,4
LYSA,SANSA,4
MAESTER_WOLKAN,YOHN_ROYCE,4
MELISANDRE,TYRION,4
MOUNTAIN,OBERYN,4
MOUNTAIN,TYENE,4
NYMERIA,TYENE,4
NYMERIA,YARA,4
OBARA,YARA,4
OLENNA,RANDYLL,4
OLENNA,TYRION,4
PODRICK,TORMUND,4
QYBURN,TYRION,4
ROBB,SANSA,4
AEGON,DAENERYS,3
AERYS,VARYS,3
ALYS,JON,3
ARYA,LYANNA_MORMONT,3
ARYA,ROBB,3
ARYA,ROBERT,3
BALERION,QYBURN,3
BERIC,DAVOS,3
BRAN,DAENERYS,3
BRAN,YOHN_ROYCE,3
BRIENNE,MOUNTAIN,3
BRIENNE,QYBURN,3
BRIENNE,THEON,3
BRONN,DAVOS,3
BRONN,HOUND,3
BRONN,JON,3
BRONN,VARYS,3
CATELYN,SANSA,3
CERSEI,OBERYN,3
DAENERYS,ELLARIA,3
DAENERYS,NED,3
DAENERYS,VISERYS,3
DAENERYS,YARA,3
DAVOS,EURON,3
DAVOS,JAIME,3
DAVOS,LYANNA_MORMONT,3
DAVOS,NIGHT_KING,3
DAVOS,ROBERT,3
ELLARIA,OLENNA,3
ELLARIA,VARYS,3
HARRAG,YARA,3
HOUND,JAIME,3
HOUND,PODRICK,3
HOUND,QYBURN,3
HOUND,VARYS,3
JAIME,JOFFREY,3
JAIME,TOMMEN,3
JOFFREY,OLENNA,3
JON,SAM,3
LITTLEFINGER,MEERA,3
LITTLEFINGER,TORMUND,3
MOUNTAIN,THEON,3
NED,ROBERT,3
RAMSAY,SANSA,3
ROBERT,VARYS,3
SANSA,TORMUND,3
SANSA,TYRION,3
THEON,TYENE,3
TYCHO,TYWIN,3
TYRION,YARA,3
AERYS,NED,2
AERYS,OLENNA,2
AERYS,SANSA,2
ARYA,WALDER,2
BALERION,CERSEI,2
BERIC,NED,2
BRAN,BRIENNE,2
BRAN,NIGHT_KING,2
BRAN,PODRICK,2
BRAN,TYRION,2
BRIENNE,EURON,2
BRIENNE,HOT_PIE,2
BRIENNE,JORAH,2
BRIENNE,QHONO,2
BRIENNE,VARYS,2
BRONN,GREY_WORM,2
BRONN,JORAH,2
BRONN,OLENNA,2
BRONN,THEON,2
CATELYN,TYRION,2
CERSEI,LITTLEFINGER,2
CERSEI,NIGHT_KING,2
CERSEI,ROBB,2
CERSEI,VARYS,2
CERSEI,YARA,2
DAENERYS,DROGO,2
DAENERYS,GENDRY,2
DAENERYS,LITTLEFINGER,2
DAENERYS,MOUNTAIN,2
DAENERYS,QYBURN,2
DAENERYS,ROBERT,2
DAENERYS,TYWIN,2
DAVOS,GREY_WORM,2
DAVOS,MOUNTAIN,2
DAVOS,QYBURN,2
DAVOS,ROBETT,2
DAVOS,YOHN_ROYCE,2
DICKON,OLENNA,2
DICKON,SAM,2
DROGO,JON,2
DROGO,JORAH,2
ELLARIA,GREY_WORM,2
ELLARIA,JAIME,2
ELLARIA,MISSANDEI,2
ELLARIA,NYMERIA,2
ELLARIA,OBERYN,2
EURON,HOUND,2
GENDRY,MELISANDRE,2
GREY_WORM,JAIME,2
GREY_WORM,JON,2
GREY_WORM,JORAH,2
GREY_WORM,MELISANDRE,2
GREY_WORM,OLENNA,2
GREY_WORM,YARA,2
HIGH_SEPTON,SAM,2
HOT_PIE,JON,2
HOUND,MISSANDEI,2
HOUND,QHONO,2
HOUND,WHITE_WALKER,2
HOWLAND,MEERA,2
JAIME,SANSA,2
JAIME,THEON,2
JAIME,TYENE,2
JEOR,TYRION,2
JOANNA,TYWIN,2
JOFFREY,ROBB,2
JOFFREY,ROBERT,2
JOFFREY,TOMMEN,2
JON,ROBB,2
JON,WHITE_WALKER,2
JON_ARRYN,LYSA,2
JON_ARRYN,SANSA,2
JORAH,PODRICK,2
JORAH,WHITE_WALKER,2
LYANNA_MORMONT,PODRICK,2
LYANNA_MORMONT,TORMUND,2
MARGAERY,OLENNA,2
MARWYN,MAESTER_WOLKAN,2
MARWYN,ROBERT,2
MARWYN,SHIREEN,2
MEERA,NED,2
MELISANDRE,MISSANDEI,2
MELISANDRE,THOROS,2
MISSANDEI,OLENNA,2
MISSANDEI,YARA,2
MOUNTAIN,MYRCELLA,2
MOUNTAIN,RANDYLL,2
MYRCELLA,OBERYN,2
NED,TYRION,2
NIGHT_KING,TYRION,2
NYMERIA,THEON,2
OBARA,THEON,2
OLENNA,THEON,2
OLENNA,VARYS,2
OLENNA,YARA,2
PODRICK,QHONO,2
PODRICK,ROBETT,2
PODRICK,THEON,2
PODRICK,VARYS,2
PODRICK,YOHN_ROYCE,2
QHONO,TYRION,2
QYBURN,RANDYLL,2
QYBURN,THEON,2
RHAEGAR,ROBERT,2
ROBB,ROBERT,2
ROBERT,SAM,2
ROBERT,SANSA,2
ROBETT,TORMUND,2
SAM,STANNIS,2
TORMUND,WHITE_WALKER,2
TORMUND,YOHN_ROYCE,2
VARYS,YARA,2
DAENERYS,JON,194
DAENERYS,TYRION,122
JAIME,TYRION,122
BRIENNE,JAIME,121
JON,TYRION,116
TYRION,VARYS,114
SANSA,TYRION,86
DAVOS,TYRION,72
DAENERYS,SANSA,71
ARYA,GENDRY,70
ARYA,JON,70
JON,SANSA,70
JON,SAM,66
ARYA,HOUND,63
BRAN,TYRION,55
ARYA,SANSA,52
DAENERYS,JORAH,51
GREY_WORM,JON,50
JON,TORMUND,50
JON,VARYS,49
DAVOS,JON,47
BRIENNE,TYRION,46
DAENERYS,VARYS,44
CERSEI,QYBURN,41
BRIENNE,TORMUND,40
BRONN,TYRION,40
CERSEI,EURON,40
GREY_WORM,TYRION,40
JAIME,TORMUND,38
DAENERYS,GREY_WORM,37
CERSEI,DAENERYS,36
BERIC,HOUND,34
BRIENNE,PODRICK,31
CERSEI,JAIME,31
BRAN,JON,30
SAM,TORMUND,30
BRAN,SANSA,28
JAIME,PODRICK,28
BRAN,THEON,27
DAVOS,GREY_WORM,27
GREY_WORM,MISSANDEI,27
HOUND,MOUNTAIN,27
CERSEI,TYRION,26
DAENERYS,SAM,26
GENDRY,HOUND,26
JORAH,SAM,26
BERIC,TORMUND,24
BRAN,JAIME,24
BRIENNE,SANSA,24
CERSEI,MOUNTAIN,24
SAM,TYRION,24
BRAN,SAM,23
BRIENNE,GREY_WORM,23
BRIENNE,SAM,23
DAENERYS,JAIME,23
DAENERYS,MISSANDEI,23
GREY_WORM,SAM,23
GREY_WORM,TORMUND,23
ARYA,DAVOS,22
ARYA,NORA,22
HOUND,TORMUND,22
NORA,VICKY,22
SANSA,VARYS,22
ARYA,BRAN,21
ARYA,DAENERYS,21
DAENERYS,GENDRY,21
MISSANDEI,TYRION,21
BRONN,QYBURN,20
PODRICK,TORMUND,20
DAVOS,TORMUND,19
GENDRY,TORMUND,19
GREY_WORM,JAIME,19
JAIME,SAM,19
JON,NIGHT_KING,19
QYBURN,TYRION,19
TORMUND,TYRION,19
ARYA,BERIC,18
BRIENNE,DAVOS,18
GREY_WORM,SANSA,18
GREY_WORM,VARYS,18
JORAH,TORMUND,18
PODRICK,TYRION,18
DAENERYS,DAVOS,17
DAVOS,SANSA,17
EURON,JAIME,17
GENDRY,SAM,17
JORAH,LYANNA_MORMONT,17
BRAN,DAENERYS,16
DAENERYS,TORMUND,16
EDDISON_TOLLETT,SAM,16
GENDRY,GREY_WORM,16
BERIC,SAM,15
BRAN,GREY_WORM,15
BRAN,NIGHT_KING,15
MISSANDEI,VARYS,15
ARYA,VICKY,14
DAVOS,SAM,14
DAVOS,VARYS,14
HOUND,SANSA,14
JAIME,JORAH,14
JAIME,SANSA,14
MISSANDEI,SANSA,14
SANSA,YOHN_ROYCE,14
ARYA,GREY_WORM,13
ARYA,MELISANDRE,13
BERIC,JORAH,13
BRIENNE,GENDRY,13
BRIENNE,JORAH,13
BRONN,JAIME,13
EDDISON_TOLLETT,TORMUND,13
GENDRY,JAIME,13
LYANNA_MORMONT,SAM,13
BERIC,GREY_WORM,12
CRAYAH,DIRAH,12
MOUNTAIN,QYBURN,12
SAM,SANSA,12
SANSA,MAESTER_WOLKAN,12
ARYA,TYRION,11
BRAN,BRIENNE,11
BRIENNE,DAENERYS,11
BRIENNE,JON,11
CERSEI,HARRY,11
DAENERYS,THEON,11
GILLY,SAM,11
GREY_WORM,JORAH,11
JAIME,JON,11
JON,JORAH,11
JON,LYANNA_MORMONT,11
JON,MISSANDEI,11
JORAH,MELISANDRE,11
MARTHA,VARYS,11
SANSA,THEON,11
ARYA,SAM,10
BERIC,BRIENNE,10
BRONN,DAVOS,10
DAENERYS,EURON,10
DAENERYS,MAESTER_WOLKAN,10
DAENERYS,NIGHT_KING,10
DAVOS,JAIME,10
DAVOS,MELISANDRE,10
HOUND,JAIME,10
JAIME,LYANNA_MORMONT,10
JORAH,SANSA,10
JORAH,TYRION,10
SANSA,TORMUND,10
BERIC,EDDISON_TOLLETT,9
BERIC,JAIME,9
BRAN,DAVOS,9
BRIENNE,VARYS,9
CERSEI,MISSANDEI,9
DAVOS,PODRICK,9
GILLY,JON,9
GILLY,LITTLE_SAM,9
HOUND,JORAH,9
JON,LYANNA,9
JORAH,VARYS,9
TYRION,MAESTER_WOLKAN,9
TYRION,YOHN_ROYCE,9
ALYS,TYRION,8
BERIC,JON,8
BRAN,VARYS,8
BRONN,SAM,8
EDDISON_TOLLETT,JON,8
EURON,YARA,8
GENDRY,JORAH,8
GENDRY,PODRICK,8
GILLY,SANSA,8
GILLY,TYRION,8
GILLY,VARYS,8
HOUND,MELISANDRE,8
HOUND,SAM,8
NIGHT_KING,THEON,8
PODRICK,SAM,8
THEON,YARA,8
ARYA,TORMUND,7
ARYA,VARYS,7
BRIENNE,HOUND,7
BRIENNE,LYANNA_MORMONT,7
BRONN,CRAYAH,7
DAENERYS,HOUND,7
DAENERYS,LYANNA_MORMONT,7
GENDRY,JON,7
GREY_WORM,LYANNA_MORMONT,7
GREY_WORM,PODRICK,7
JAIME,VARYS,7
JON,NED,7
JON,RHAEGAR,7
LYANNA_MORMONT,SANSA,7
LYANNA_MORMONT,TYRION,7
ALYS,DAVOS,6
ALYS,VARYS,6
ARYA,BRIENNE,6
BERIC,GENDRY,6
BERIC,MELISANDRE,6
BRAN,JORAH,6
BRAN,MISSANDEI,6
BRAN,YOHN_ROYCE,6
BRIENNE,MAESTER_WOLKAN,6
BRIENNE,MISSANDEI,6
BRIENNE,YOHN_ROYCE,6
CERSEI,HOUND,6
DAENERYS,YOHN_ROYCE,6
DAVOS,GENDRY,6
DAVOS,GILLY,6
DAVOS,MAESTER_WOLKAN,6
DAVOS,YOHN_ROYCE,6
EURON,MOUNTAIN,6
EURON,QYBURN,6
GENDRY,TYRION,6
GREY_WORM,HOUND,6
GREY_WORM,QHONO,6
JON,MAESTER_WOLKAN,6
LITTLE_SAM,SANSA,6
LITTLE_SAM,TYRION,6
LITTLE_SAM,VARYS,6
LYANNA_MORMONT,TORMUND,6
QHONO,SAM,6
SAM,VARYS,6
SAM,YOHN_ROYCE,6
TORMUND,VARYS,6
ALYS,BRAN,5
ALYS,DAENERYS,5
ALYS,GREY_WORM,5
ALYS,JON,5
ALYS,JORAH,5
ALYS,LYANNA_MORMONT,5
ALYS,SANSA,5
ARYA,CERSEI,5
ARYA,JORAH,5
ARYA,MISSANDEI,5
BRAN,LYANNA_MORMONT,5
BRIENNE,BRONN,5
BRONN,DIRAH,5
BRONN,MAREI,5
CERSEI,GREY_WORM,5
EDMURE,SANSA,5
GENDRY,ROBERT,5
GENDRY,SANSA,5
GILLY,TORMUND,5
GREY_WORM,MELISANDRE,5
GREY_WORM,YOHN_ROYCE,5
JOFFREY,TYRION,5
LYANNA_MORMONT,VARYS,5
MELISANDRE,TORMUND,5
MISSANDEI,MOUNTAIN,5
SAM,MAESTER_WOLKAN,5
THEON,TYRION,5
TORMUND,WILLA,5
TYRION,TYWIN,5
VARYS,MAESTER_WOLKAN,5
ALYS,BRIENNE,4
ALYS,JAIME,4
ALYS,SAM,4
ALYS,THEON,4
ALYS,YOHN_ROYCE,4
ARYA,LYANNA_MORMONT,4
ARYA,MAESTER_WOLKAN,4
ARYA,OWEN,4
ARYA,QHONO,4
ARYA,THEON,4
ARYA,YOHN_ROYCE,4
BERIC,DAENERYS,4
BERIC,DAVOS,4
BERIC,LYANNA_MORMONT,4
BERIC,SANSA,4
BRAN,GENDRY,4
BRAN,MAESTER_WOLKAN,4
BRAN,QHONO,4
BRAN,TORMUND,4
BRIENNE,QHONO,4
BRONN,CERSEI,4
DAENERYS,MOUNTAIN,4
DAENERYS,PODRICK,4
DAENERYS,QHONO,4
DAENERYS,QYBURN,4
DAENERYS,VISERYS,4
DAVOS,JORAH,4
DAVOS,LYANNA_MORMONT,4
DAVOS,MISSANDEI,4
DAVOS,QHONO,4
DAVOS,TEELA,4
DORNISH_PRINCE,YARA,4
EDDISON_TOLLETT,GREY_WORM,4
EDDISON_TOLLETT,JORAH,4
EDMURE,YOHN_ROYCE,4
EURON,HARRY,4
EURON,MISSANDEI,4
EURON,TYRION,4
GILLY,MISSANDEI,4
GREY_WORM,MAESTER_WOLKAN,4
HOUND,JON,4
HOUND,NORA,4
HOUND,PODRICK,4
HOUND,QYBURN,4
JAIME,QHONO,4
JAIME,YOHN_ROYCE,4
JON,QHONO,4
JON,THEON,4
JON,YOHN_ROYCE,4
JORAH,MISSANDEI,4
JORAH,PODRICK,4
JORAH,QHONO,4
JORAH,YOHN_ROYCE,4
LYANNA,NED,4
LYANNA,RHAEGAR,4
LYANNA_MORMONT,QHONO,4
LYANNA_MORMONT,THEON,4
LYANNA_MORMONT,YOHN_ROYCE,4
MAESTER_WOLKAN,YOHN_ROYCE,4
MISSANDEI,SAM,4
QHONO,SANSA,4
QHONO,TORMUND,4
QHONO,TYRION,4
QHONO,VARYS,4
ROBIN,MAESTER_WOLKAN,4
SAM,THEON,4
SANSA,YARA,4
VARYS,YOHN_ROYCE,4
ALYS,ARYA,3
ALYS,MAESTER_WOLKAN,3
ALYS,TORMUND,3
ARYA,JAIME,3
ARYA,NIGHT_KING,3
ARYA,YARA,3
BERIC,BRAN,3
BERIC,NED_UMBER,3
BERIC,THEON,3
BERIC,TYRION,3
BERIC,VARYS,3
BRAN,BRONN,3
BRAN,PODRICK,3
BRIENNE,EDDISON_TOLLETT,3
CERSEI,JON,3
CERSEI,SANSA,3
CERSEI,TYWIN,3
CERSEI,VARYS,3
CRAYAH,MAREI,3
CRAYAH,QYBURN,3
DAENERYS,RANDYLL,3
DAENERYS,YARA,3
DAVOS,HOUND,3
DAVOS,THEON,3
DIRAH,MAREI,3
DORNISH_PRINCE,ROBIN,3
EDDISON_TOLLETT,GENDRY,3
EDDISON_TOLLETT,HOUND,3
EDDISON_TOLLETT,JAIME,3
EDMURE,MAESTER_WOLKAN,3
EDMURE,RIVERLANDS_LORD,3
EDMURE,ROBIN,3
EDMURE,SAM,3
EDMURE,TYRION,3
GENDRY,VALE_LORD,3
GENDRY,YOHN_ROYCE,3
GREY_WORM,MOUNTAIN,3
GREY_WORM,THEON,3
GREY_WORM,UNSULLIED_CAPTAIN,3
GREY_WORM,YARA,3
HOUND,SARRA,3
HOUND,VICKY,3
IRONBORN_LORD,VALE_LORD,3
IRONBORN_LORD,YARA,3
JAIME,MISSANDEI,3
JON,ROBERT,3
JORAH,THEON,3
LYANNA,VARYS,3
LYANNA_MORMONT,MISSANDEI,3
MARWYN,SAM,3
MISSANDEI,QYBURN,3
MOUNTAIN,TYRION,3
NED,RHAEGAR,3
NED,SANSA,3
NED_UMBER,SANSA,3
RANDYLL,SAM,3
RHAEGAR,VARYS,3
RIVERLANDS_LORD,YOHN_ROYCE,3
ROBIN,SAM,3
ROBIN,SANSA,3
ROBIN,YOHN_ROYCE,3
THEON,TORMUND,3
THEON,VARYS,3
AEGON,DAENERYS,2
AERYS,DAENERYS,2
AERYS,JON,2
ALANNA,OWEN,2
ALTON,JAIME,2
ALYS,BERIC,2
ALYS,GENDRY,2
ALYS,MISSANDEI,2
ALYS,QHONO,2
ARYA,DORNISH_PRINCE,2
ARYA,EDDISON_TOLLETT,2
ARYA,EDMURE,2
ARYA,IRONBORN_LORD,2
ARYA,MOUNTAIN,2
ARYA,PODRICK,2
ARYA,RIVERLANDS_LORD,2
ARYA,ROBIN,2
ARYA,VALE_LORD,2
BERIC,GILLY,2
BERIC,NIGHT_KING,2
BERIC,PODRICK,2
BERIC,QHONO,2
BERIC,TEELA,2
BERIC,YOHN_ROYCE,2
BRAN,DORNISH_PRINCE,2
BRAN,EDMURE,2
BRAN,IRONBORN_LORD,2
BRAN,RIVERLANDS_LORD,2
BRAN,ROBIN,2
BRAN,VALE_LORD,2
BRAN,YARA,2
BRIENNE,CATELYN,2
BRIENNE,DORNISH_PRINCE,2
BRIENNE,EDMURE,2
BRIENNE,IRONBORN_LORD,2
BRIENNE,RIVERLANDS_LORD,2
BRIENNE,ROBIN,2
BRIENNE,THEON,2
BRIENNE,VALE_LORD,2
BRIENNE,YARA,2
BRONN,DAENERYS,2
BRONN,JOFFREY,2
CERSEI,CERSEIS_BABY,2
CERSEI,ROBERT,2
CERSEIS_BABY,JAIME,2
CERSEIS_BABY,TYRION,2
CRAYAH,WILLIAM,2
DAENERYS,DICKON,2
DAENERYS,EDDISON_TOLLETT,2
DAENERYS,LYANNA,2
DAENERYS,NED_UMBER,2
DAENERYS,ROBERT,2
DAENERYS,TYWIN,2
DAVOS,DORNISH_PRINCE,2
DAVOS,EDDISON_TOLLETT,2
DAVOS,EDMURE,2
DAVOS,HARRY,2
DAVOS,IRONBORN_LORD,2
DAVOS,RIVERLANDS_LORD,2
DAVOS,ROBIN,2
DAVOS,VALE_LORD,2
DAVOS,YARA,2
DICKON,RANDYLL,2
DICKON,SAM,2
DORNISH_PRINCE,EDMURE,2
DORNISH_PRINCE,GENDRY,2
DORNISH_PRINCE,GREY_WORM,2
DORNISH_PRINCE,IRONBORN_LORD,2
DORNISH_PRINCE,MAESTER_WOLKAN,2
DORNISH_PRINCE,RIVERLANDS_LORD,2
DORNISH_PRINCE,SAM,2
DORNISH_PRINCE,SANSA,2
DORNISH_PRINCE,TYRION,2
DORNISH_PRINCE,VALE_LORD,2
DORNISH_PRINCE,YOHN_ROYCE,2
EDDISON_TOLLETT,GILLY,2
EDDISON_TOLLETT,LYANNA_MORMONT,2
EDDISON_TOLLETT,NED_UMBER,2
EDDISON_TOLLETT,SANSA,2
EDDISON_TOLLETT,TEELA,2
EDMURE,GENDRY,2
EDMURE,GREY_WORM,2
EDMURE,IRONBORN_LORD,2
EDMURE,VALE_LORD,2
EDMURE,YARA,2
EURON,GREY_WORM,2
EURON,THEON,2
EURON,VARYS,2
GENDRY,IRONBORN_LORD,2
GENDRY,LYANNA_MORMONT,2
GENDRY,MAESTER_WOLKAN,2
GENDRY,QHONO,2
GENDRY,RIVERLANDS_LORD,2
GENDRY,ROBIN,2
GENDRY,YARA,2
GILLY,PODRICK,2
GILLY,TEELA,2
GREY_WORM,HARRY,2
GREY_WORM,IRONBORN_LORD,2
GREY_WORM,RIVERLANDS_LORD,2
GREY_WORM,ROBIN,2
GREY_WORM,VALE_LORD,2
HARRY,JON,2
HOUND,TYRION,2
HOUND,WILLA,2
IRONBORN_LORD,MAESTER_WOLKAN,2
IRONBORN_LORD,RIVERLANDS_LORD,2
IRONBORN_LORD,ROBIN,2
IRONBORN_LORD,SAM,2
IRONBORN_LORD,SANSA,2
IRONBORN_LORD,TYRION,2
IRONBORN_LORD,YOHN_ROYCE,2
JAIME,MAESTER_WOLKAN,2
JAIME,QYBURN,2
JAIME,THEON,2
JAIME,TYWIN,2
JOFFREY,SANSA,2
JON,PODRICK,2
JON,TEELA,2
JON,UNSULLIED_CAPTAIN,2
LITTLE_SAM,MISSANDEI,2
LITTLE_SAM,PODRICK,2
LITTLE_SAM,SAM,2
LITTLEFINGER,RAMSAY,2
LYANNA,ROBERT,2
LYANNA,SAM,2
MAESTER_WOLKAN,YARA,2
MELISANDRE,QHONO,2
MISSANDEI,MAESTER_WOLKAN,2
MISSANDEI,PODRICK,2
MISSANDEI,QHONO,2
MISSANDEI,YOHN_ROYCE,2
MOUNTAIN,VARYS,2
NED,ROBERT,2
NED,VARYS,2
NED_UMBER,TORMUND,2
PODRICK,SANSA,2
PODRICK,THEON,2
PODRICK,VARYS,2
QHONO,MAESTER_WOLKAN,2
QHONO,THEON,2
QHONO,YOHN_ROYCE,2
RHAEGAR,SAM,2
RIVERLANDS_LORD,MAESTER_WOLKAN,2
RIVERLANDS_LORD,ROBIN,2
RIVERLANDS_LORD,SAM,2
RIVERLANDS_LORD,SANSA,2
RIVERLANDS_LORD,TYRION,2
RIVERLANDS_LORD,VALE_LORD,2
RIVERLANDS_LORD,YARA,2
ROBERT,SAM,2
ROBIN,TYRION,2
ROBIN,VALE_LORD,2
ROBIN,YARA,2
SAM,TEELA,2
SAM,VALE_LORD,2
SAM,YARA,2
SANSA,SARRA,2
SANSA,VALE_LORD,2
SANSA,WILLA,2
SARRA,TORMUND,2
SARRA,WILLA,2
TEELA,TORMUND,2
THEON,MAESTER_WOLKAN,2
THEON,YOHN_ROYCE,2
TORMUND,YOHN_ROYCE,2
TYRION,VALE_LORD,2
TYRION,YARA,2
VALE_LORD,MAESTER_WOLKAN,2
VALE_LORD,YARA,2
VALE_LORD,YOHN_ROYCE,2
YARA,YOHN_ROYCE,2
